cluster_id,cluster_size,centroid_lat,centroid_lon,avg_nn_km
180,375,31.224346666666666,121.46077333333334,0.25329868345019774
1332,258,40.747093023255815,-73.98461240310077,0.06944887592364485
455,198,35.671868686868685,139.73661616161615,0.17909312906224037
504,193,37.55564766839378,126.9579274611399,0.26818755258371896
388,153,51.51013071895425,-0.14274509803921567,0.19107135765349464
1178,131,41.90366412213741,-87.64274809160305,0.1773755957865586
577,130,19.39846153846154,-99.17853846153847,0.2051151242446118
109,122,43.66434426229508,-79.39237704918034,0.16908140064939522
503,121,37.50454545454546,127.0493388429752,0.2092013384466785
151,114,39.92885964912281,116.43649122807018,0.2944008014616825
630,113,14.56345132743363,121.03725663716813,0.12444324136314458
674,107,13.740467289719627,100.54598130841121,0.2125823030513537
719,106,25.043490566037736,121.53273584905659,0.2835101456195542
1099,92,38.90619565217391,-77.04423913043478,0.311383878424222
78,91,49.26945054945055,-123.12164835164835,0.1445882512747376
424,89,-6.221460674157304,106.8143820224719,0.33585644454870395
1227,87,42.3564367816092,-71.0777011494253,0.30124786092788003
803,85,34.06541176470588,-118.31905882352942,0.3723587606787554
1664,83,47.62036144578313,-122.32963855421687,0.10263638259221584
313,82,22.291219512195124,114.16804878048781,0.0918817449876282
991,79,37.78379746835443,-122.41354430379747,0.196181617756449
278,74,23.124594594594594,113.31040540540539,0.253587526827765
11,68,-34.58926470588236,-58.404558823529406,0.1971841942316694
663,59,1.2920338983050847,103.84779661016948,0.11305562793604494
223,58,30.262931034482758,120.16431034482758,0.4062105972124562
356,58,48.86293103448276,2.330344827586207,0.37534943920618796
303,53,30.631132075471697,104.07188679245282,0.30087165137458083
913,47,34.02510638297873,-118.4627659574468,0.4265538169514285
1350,44,36.111590909090914,-115.17454545454547,0.14774243518257812
1065,44,39.73681818181819,-104.97909090909091,0.3724078689532076
33,44,51.04545454545455,-114.0759090909091,0.33386540673600434
145,40,-33.41175,-70.594,0.29223086956324107
696,38,41.06526315789474,29.003947368421056,0.33785518794669
513,38,37.362631578947365,127.11394736842105,0.29326074812958614
490,38,34.68342105263158,135.5026315789474,0.10144574989704393
128,38,45.50236842105263,-73.57131578947369,0.15576844111657087
810,36,37.325,-121.92166666666668,0.58131169578487
166,34,39.12264705882353,117.20088235294118,0.3918386369614515
199,33,32.0439393939394,118.78575757575759,0.2179789855046423
617,33,3.1506060606060604,101.70818181818181,0.235563848593194
1438,32,45.518437500000005,-122.68281250000001,0.17456414838813356
352,31,40.43354838709678,-3.697741935483871,0.2898310670556692
515,31,35.16709677419355,129.1341935483871,0.3461016825034951
45,30,53.541333333333334,-113.50833333333334,0.2943355663393089
429,27,53.342592592592595,-6.2551851851851845,0.2133071525560424
285,26,22.54346153846154,114.10730769230769,0.12176517496602318
837,26,33.96269230769231,-118.39961538461537,0.35390046989526347
806,26,34.161538461538456,-118.33,0.5754017339780995
483,25,35.1668,136.9012,0.18762761483422988
1531,25,29.726399999999998,-95.4468,0.761179615684339
627,25,-12.06,-77.0308,0.0
981,24,32.76125,-117.14416666666666,0.44011699162237944
787,23,34.12695652173913,-118.14000000000001,0.5785658060529468
693,23,40.97869565217391,29.097391304347827,0.5830180519751486
114,22,45.415454545454544,-75.69545454545454,0.3874419137799906
1665,22,47.70363636363636,-122.33136363636363,0.5971102553750693
717,22,25.009545454545457,121.46772727272727,0.23850178365832714
232,22,29.871818181818185,121.5559090909091,0.25564375219461993
1457,21,39.94952380952381,-75.16333333333334,0.13414525749579959
833,21,33.68333333333334,-117.87095238095237,0.4302805892438021
475,20,35.459,139.6295,0.09056494238276372
840,20,37.368,-122.0465,0.886777922304278
219,20,31.319,120.61500000000001,0.4555253298988352
1356,20,36.1065,-115.14950000000002,0.5345554253344201
650,19,55.764210526315786,37.6178947368421,0.3574463694066803
499,19,33.59,130.40315789473684,0.14625371776047205
520,19,37.5,126.74578947368421,0.6257683930224831
1528,19,29.76105263157895,-95.37578947368422,0.45628565154361517
638,18,14.642222222222223,121.0311111111111,0.17931881982347692
1497,18,30.27777777777778,-97.74499999999999,0.5336620391350095
399,18,53.47833333333333,-2.2411111111111115,0.20885089236357438
1100,18,38.858333333333334,-77.05777777777777,0.3117245693286561
486,18,35.00111111111111,135.765,0.1629749425741326
1179,18,41.97722222222222,-87.90444444444444,0.07698041642022171
2,17,25.21588235294118,55.2764705882353,0.60306973177004
727,17,25.073529411764707,121.57294117647058,0.361637293045429
984,17,32.7135294117647,-117.16176470588235,0.2855220303273982
971,16,38.571875,-121.48125,0.2868403830127663
1505,16,32.853125,-96.7725,0.426164994769313
595,16,25.64625,-100.319375,0.7707242657259413
1507,16,32.7975,-96.798125,0.441250195730737
27,16,-23.5625,-46.650625,0.1274122725655438
351,16,41.391875,2.175,0.3475570460424856
877,16,33.7825,-117.870625,0.6437478767180506
1434,15,45.516666666666666,-122.64266666666667,0.48213555125579244
514,15,35.15533333333333,129.05866666666668,0.39880915612529155
506,15,37.477999999999994,126.884,0.49351360335322675
626,15,-12.092,-77.04066666666668,0.4365504906261773
664,15,1.3006666666666669,103.78266666666667,0.44466463059212
879,15,34.138,-118.25666666666667,0.4020900283940584
564,15,29.373333333333335,47.977333333333334,0.2583702471570861
964,15,38.78066666666667,-121.27066666666666,0.8387980990314451
812,15,34.175333333333334,-118.60066666666667,0.6389404416826143
141,15,47.37266666666667,8.538,0.39929615276302427
980,15,32.74066666666667,-117.21266666666666,0.23335012607955088
381,15,55.949333333333335,-3.198666666666667,0.3992692622368574
1609,15,47.61866666666666,-122.196,0.07412995109641504
264,14,30.539285714285715,114.34,0.616722005641929
855,14,33.90642857142857,-118.38571428571429,0.8116254351788431
1377,14,40.722857142857144,-73.855,0.8012745110816478
286,14,22.537142857142857,114.05499999999999,0.29345262852959586
212,14,31.575,120.30285714285715,0.2941829341631633
585,13,20.680769230769233,-103.3876923076923,0.7312430425800052
1310,13,35.216923076923074,-80.83538461538461,0.6715174636130985
581,13,19.36076923076923,-99.28,0.24693045729925617
287,13,22.52076923076923,113.93538461538462,0.5661186587039887
329,13,52.51615384615385,13.393076923076924,0.4604938759511342
55,13,49.230000000000004,-123.03,0.5988139841482814
144,13,-33.44076923076923,-70.65538461538462,0.22826901304339042
889,13,33.73538461538462,-118.01076923076924,0.6326351024645402
1643,13,47.822307692307696,-122.29307692307692,0.28593552284295465
316,13,22.330000000000002,114.19461538461539,0.553831451917512
618,12,3.1225,101.68,0.3703741727803467
777,12,33.420833333333334,-111.93416666666667,0.23201477805671453
1164,12,21.3325,-157.92083333333332,0.0863092614359351
1162,12,21.286666666666665,-157.83916666666667,0.09266243887048932
835,12,33.62166666666666,-117.90249999999999,0.8712197438681785
328,12,50.08833333333334,14.424166666666666,0.2710145191149085
1461,12,40.44,-79.99666666666667,0.23289456396670635
785,12,37.806666666666665,-122.2675,0.28396284844958664
88,12,49.89166666666667,-97.1475,0.3706497554818983
19,12,26.221666666666664,50.586666666666666,0.8304380120763808
960,12,37.490833333333335,-122.23666666666666,0.5785548047502993
543,12,37.65833333333333,126.77416666666666,0.8811342167221762
234,12,29.8125,121.55,0.4142673300936841
457,12,34.69,135.19083333333333,0.07618187191338734
1508,12,32.8975,-97.03750000000001,0.3692841409273539
562,12,29.33583333333333,48.08083333333334,0.4276698866740976
610,12,3.073333333333333,101.59333333333332,0.09252945428275755
217,12,31.31833333333333,120.72083333333335,0.35714674687748027
619,11,52.36545454545455,4.88909090909091,0.342995564742078
1573,11,38.806363636363635,-77.06,0.41619679628091755
185,11,31.19272727272727,121.31727272727272,0.1729494874963147
259,11,36.06454545454546,120.38909090909091,0.34623070821047297
644,11,52.23090909090909,21.008181818181818,0.6022328483770512
537,11,36.35545454545455,127.38636363636364,0.3893586036782061
265,11,30.59363636363636,114.26727272727273,0.46318230165869667
365,11,52.47818181818182,-1.9027272727272726,0.12315884245598735
1056,11,40.01363636363636,-105.26454545454546,0.5118622665500964
695,11,41.00454545454546,29.037272727272725,0.5073242047437007
150,11,39.982727272727274,116.32363636363635,0.46078249410735717
721,11,25.015454545454546,121.30454545454545,0.8623769297343441
899,11,32.77363636363636,-117.0409090909091,0.7522867498659952
107,11,43.085454545454546,-79.07636363636362,0.07382145446986225
886,11,33.86454545454546,-118.36999999999999,0.6156776485277979
1146,11,33.78636363636363,-84.38636363636364,0.7000219996399833
469,10,35.73,139.714,0.09026558112551526
1235,10,39.286,-76.61,0.22238985328903288
1203,10,39.773,-86.163,0.5932703034384389
216,10,31.368000000000002,120.96399999999998,0.8270859578169596
539,10,35.541,129.327,0.38263616873645134
14,10,48.207,16.364,0.6523811541258298
508,10,37.278,127.03599999999999,0.6526550809231353
143,10,-33.378,-70.52799999999999,0.8162098900951348
826,10,37.662,-122.46900000000001,0.3642070152876244
310,10,34.222,108.957,0.6039688509958897
419,10,47.499,19.065,0.3005031214297681
576,10,19.377000000000002,-99.25800000000001,0.21608294560198912
197,10,31.315999999999995,120.66600000000001,0.2849941224374092
631,10,14.572999999999999,120.98299999999999,0.21524290313824074
184,10,31.15,121.80699999999999,0.0
725,10,25.003,121.50699999999999,0.5142940347791102
910,10,33.797000000000004,-118.128,0.5544399181180638
1615,10,47.787,-122.20599999999999,0.6243066077976672
57,10,49.274,-122.795,0.5341876502623436
54,10,49.266000000000005,-123.01200000000001,0.42300076008062676
1021,10,34.159,-118.44800000000001,0.8460019770107523
82,10,48.425,-123.369,0.22135955345768568
66,10,49.212,-122.90799999999999,0.4278631633461174
569,10,33.89,35.507999999999996,0.36919426617861
1312,10,35.221999999999994,-80.941,0.36333756274914286
1286,10,44.973,-93.275,0.3146850908481872
998,9,37.254444444444445,-121.86888888888888,0.4529387497707628
789,9,33.80444444444444,-117.91888888888889,0.16062882187769978
687,9,39.89,32.76444444444444,0.31311630235142096
801,9,37.53333333333333,-122.29444444444445,0.6689586053842975
1127,9,28.477777777777778,-81.46222222222222,0.4493758247055724
348,9,30.04444444444444,31.244444444444444,0.16341646451756636
53,9,49.04333333333333,-122.29777777777778,0.49005632016666745
1658,9,47.672222222222224,-122.11555555555555,0.1663969538006229
306,9,30.647777777777776,104.01666666666667,1.0650441948794551
716,9,22.613333333333333,120.30444444444444,0.23759588507440446
420,9,-8.726666666666667,115.17222222222222,0.4913369077712837
1595,9,37.54555555555555,-77.44777777777777,0.5495193931473923
1150,9,33.83888888888889,-84.36555555555555,0.4313980755474582
0,9,24.48,54.373333333333335,0.3595433554624441
34,9,51.128888888888895,-114.01000000000002,0.12354991849402507
36,9,51.09,-114.14999999999999,0.9728969555973794
4,9,25.264444444444443,55.31777777777778,0.2352768745084025
337,9,50.11,8.67111111111111,0.23770351693321765
1428,9,45.397777777777776,-122.74888888888889,0.5348462462354567
221,9,31.29444444444444,120.55333333333334,0.6514587123215564
266,9,30.59,114.29555555555557,0.2865609316780006
507,9,37.541111111111114,127.08,0.31948233534048637
612,9,3.1344444444444446,101.62111111111112,0.7405587348607885
172,9,38.92,121.63666666666667,0.09612478946478563
181,9,31.19888888888889,121.59888888888888,0.4584378619671605
516,9,35.19888888888889,129.07222222222222,0.20189150818359497
567,9,29.299999999999997,47.93444444444444,0.0
565,9,29.333333333333332,47.955555555555556,0.8663682398593155
1533,9,29.987777777777776,-95.34444444444443,0.33758776854807876
1610,9,47.62111111111111,-122.14111111111112,0.5048221141390417
726,9,25.06,121.61666666666666,0.8067156655840741
416,9,55.861111111111114,-4.2555555555555555,0.1416726715301117
1224,9,29.947777777777773,-90.06888888888889,0.10705123609067847
190,9,31.268888888888892,121.61444444444444,0.7751205834945583
394,8,53.40625,-2.9775,0.38754965737439584
323,8,22.19375,113.54375,0.0
319,8,22.314999999999998,113.9325,0.2571781525215543
919,8,37.426249999999996,-121.905,0.8152124375760235
921,8,37.675,-120.99249999999999,0.8235563329265713
338,8,53.552499999999995,9.995000000000001,0.08257905994141646
1398,8,39.9625,-83.0,0.13899365830568977
391,8,53.7975,-1.54875,0.0820904422907257
897,8,32.8675,-117.22375,0.5762396671380882
63,8,49.1075,-122.66125,0.18200964174925285
1044,8,37.8975,-122.06,0.0
1594,8,38.95375,-77.35625,0.852499971145996
439,8,38.26,140.87875,0.10913905285555942
437,8,43.065,141.35,0.0
1460,8,40.4525,-79.93125,0.7342447776184389
1466,8,41.8275,-71.40875,0.6568494052965265
732,8,24.1475,120.66875,1.026823522546378
755,8,33.51125,-112.03625,0.825487167181586
135,8,52.12375,-106.6425,0.7899714643568785
1121,8,25.78875,-80.265,0.6040109919139505
1456,8,39.95125,-75.195,0.2455469040969078
294,8,22.81375,108.38250000000001,0.6623585041863435
1125,8,25.785,-80.13374999999999,0.3893130753862982
1122,8,25.69125,-80.31,0.6384492471929195
1571,8,40.7625,-111.89125,0.45482049314816886
573,8,19.51625,-99.22875,0.40098741412310296
194,8,31.1025,121.39375,0.7140941599594104
465,8,35.62,139.62875,0.3181132778174143
460,8,35.53625,139.4475,0.29230029103618477
270,8,28.19375,112.975,0.12249559084538372
208,8,31.77625,119.955,0.3214338654726011
620,8,52.31,4.755,0.08497918483847622
1194,8,42.04625,-88.0425,0.276339692280573
572,8,32.519999999999996,-117.01625,0.6723785026913938
1521,8,32.745,-97.33875,0.41698097491715774
255,8,36.66,117.015,0.5009867042164684
267,8,30.49875,114.40375,0.5175092947583234
535,8,35.14,126.9125,0.5053388356660176
334,8,48.14,11.57,0.0
1429,8,42.345,-122.87,0.4109221195254027
1421,8,44.043749999999996,-123.08375,0.7810413486286938
948,8,37.93625,-122.05625,0.46789254670113495
926,8,33.5275,-117.14875,0.5979293184433007
1694,7,10.775714285714285,106.69714285714285,0.1560517906246984
928,7,38.315714285714286,-122.3,0.48539713118324024
60,7,50.66285714285714,-120.35714285714286,0.6623198354137111
1666,7,47.44285714285714,-122.3,0.0
357,7,49.005714285714284,2.557142857142857,0.41683870615556884
18,7,50.84285714285714,4.357142857142857,0.906867450821472
262,7,34.75714285714286,113.67142857142858,0.46659894696684834
532,7,35.14857142857143,126.85142857142856,0.2051950726385098
244,7,29.997142857142855,120.58714285714287,0.7516857748069599
524,7,35.87,128.59571428571428,0.0
1280,7,42.55285714285714,-83.17857142857143,0.509936830850677
1287,7,44.96714285714285,-93.23857142857142,0.7013149561080948
1292,7,38.637142857142855,-90.34142857142857,0.8022006595946086
541,7,37.38857142857143,126.96428571428571,0.5700851487407036
525,7,35.871428571428574,128.62857142857143,0.25748005177364974
1364,7,39.52571428571429,-119.81428571428572,0.7270346474478634
1367,7,40.76,-73.91857142857144,0.8770007068224801
583,7,19.302857142857142,-99.13,0.4676224726467198
584,7,19.419999999999998,-99.08,0.0
561,7,29.345714285714287,48.02428571428572,0.7127179499734352
1542,7,30.169999999999998,-95.46857142857142,0.6946043468795561
207,7,31.714285714285715,119.94857142857143,1.114155537192715
209,7,31.827142857142857,119.97571428571429,0.4783788339840961
211,7,32.394285714285715,119.43285714285715,0.6102824808555775
600,7,20.62142857142857,-87.07857142857142,0.456196776774283
578,7,19.294285714285714,-99.16142857142857,0.6175817900465043
635,7,14.65,121.0657142857143,0.7787562881626279
1217,7,38.035714285714285,-84.5,0.6593125371732935
201,7,31.937142857142856,118.82000000000001,0.15884989520640153
182,7,31.32857142857143,121.44571428571429,0.2713460975982253
187,7,31.041428571428572,121.22571428571429,0.8493948768078491
1182,7,42.03285714285715,-87.67857142857143,0.9076452455012534
694,7,41.03000000000001,29.118571428571425,0.4375307448477058
698,7,40.97714285714285,28.865714285714287,0.23984381645034783
1591,7,38.92285714285715,-77.22714285714287,0.5648778204643677
1381,7,40.644285714285715,-73.78714285714285,0.120519909556111
413,7,54.597142857142856,-5.931428571428571,0.1840827021662656
415,7,51.48,-3.1771428571428575,0.0
1468,7,32.784285714285716,-79.93714285714286,0.4006468252308369
730,7,24.169999999999998,120.63714285714286,0.31769979041300517
1139,7,27.952857142857145,-82.51714285714286,0.4926152129969396
1147,7,33.75857142857143,-84.39,0.15884989520650258
138,7,46.205714285714286,6.144285714285714,0.21987372898650573
715,7,22.662857142857145,120.31142857142856,0.7329178299000094
761,7,33.47857142857143,-112.07571428571428,0.3974645149866521
1123,7,25.771428571428572,-80.18857142857142,0.4449292290124977
298,7,29.55857142857143,106.58,0.3487142069372023
299,7,29.58142857142857,106.53,0.15884989520650258
403,7,54.97428571428571,-1.6114285714285717,0.408880466483352
308,7,25.041428571428572,102.70857142857142,0.3027698895070052
309,7,34.26285714285714,108.95142857142856,0.13128808946905085
1454,7,40.08857142857143,-75.37857142857142,0.4430608702580748
1392,7,41.50142857142857,-81.69000000000001,0.39679297059718915
804,7,33.917142857142856,-117.88714285714286,0.3954802284187835
103,7,43.68285714285714,-79.61571428571429,0.0
794,7,34.137142857142855,-118.07142857142857,0.7121717251830885
1004,7,37.707142857142856,-122.14142857142858,1.2204077181783006
862,7,33.12,-117.10000000000001,0.8168143655414652
834,7,33.67142857142857,-117.91428571428571,0.7621108462180345
1644,7,47.85142857142858,-122.27714285714286,0.5958060963868085
816,7,37.68714285714286,-122.07857142857142,0.8590857704237609
986,7,32.825714285714284,-117.18714285714286,0.6079260381257011
902,7,33.6,-117.67428571428572,1.0749895062349977
70,7,49.16285714285714,-123.15285714285714,0.6293599152252278
72,7,48.455714285714286,-123.37714285714286,0.6120002715077658
995,7,37.33142857142857,-121.97285714285714,1.1350293997842038
972,7,38.558571428571426,-121.42428571428572,0.40328729876641844
909,7,33.77,-118.18857142857144,0.13204804682895924
47,7,53.528571428571425,-113.62428571428572,0.28332887517117955
317,7,22.37,114.11428571428571,0.31769979041300517
302,7,30.548571428571428,104.05714285714285,0.9796738354167791
1667,6,47.665,-122.38,0.6583676907502943
1670,6,47.56333333333333,-122.29166666666667,0.779568907538332
969,6,38.59666666666667,-121.39,0.8005873737032108
1690,6,43.04,-87.915,0.6415492844580868
944,6,37.42333333333333,-122.13333333333333,0.9211933663106859
945,6,34.211666666666666,-118.46166666666666,1.1029884201574702
649,6,44.43,26.100000000000005,0.0
652,6,55.73499999999999,37.57833333333333,0.41734068762291593
372,6,51.45666666666667,-2.59,0.2309373504124187
880,6,34.223333333333336,-118.245,1.0938968578124444
888,6,33.68333333333333,-117.99833333333333,0.5806351466811648
892,6,33.64333333333334,-117.84499999999998,0.6481751299272019
86,6,49.879999999999995,-97.20166666666667,0.716529645446518
92,6,44.645,-63.57833333333334,0.26370779518147214
608,6,5.441666666666666,100.31166666666667,0.7396362398769609
613,6,3.106666666666667,101.64166666666667,0.3703785640885205
629,6,-12.121666666666664,-77.01333333333334,1.091294814801299
633,6,14.42,121.03500000000001,0.0
1251,6,39.053333333333335,-77.11833333333334,0.6170724409628884
1539,6,29.748333333333335,-95.41166666666668,0.2454203822036717
1529,6,29.775000000000002,-95.54833333333333,0.16086672876158428
396,6,51.501666666666665,-0.013333333333333334,0.4160597754151656
1416,6,45.49166666666667,-122.80166666666666,0.44516286163303115
71,6,49.19333333333333,-123.18,0.0
74,6,49.053333333333335,-122.795,0.24287504959254466
1419,6,45.443333333333335,-122.57333333333332,0.6307643929019343
661,6,59.330000000000005,18.066666666666666,0.37064975548183937
667,6,1.2583333333333333,103.81833333333333,0.3706049447483468
668,6,1.3583333333333334,103.99,0.18532487774093076
1579,6,38.861666666666665,-77.36833333333333,0.9974104431391012
158,6,39.865,116.38166666666666,0.1422370120304619
642,6,51.10333333333333,17.036666666666665,0.9170045139089072
551,6,35.82333333333333,127.11666666666667,0.4239010407627927
1299,6,38.74,-90.36666666666667,0.0
1153,6,33.48166666666666,-82.08,0.853281596754525
1155,6,34.016666666666666,-84.56333333333333,0.7015345825920117
1160,6,21.378333333333334,-157.93666666666667,1.060911762341567
686,6,7.891666666666667,98.29666666666667,0.18532487774094916
847,6,33.93,-118.11666666666667,0.9857208774253733
852,6,32.80833333333333,-116.96,0.6526410625613077
312,6,34.23166666666666,108.89666666666666,0.18532487774080178
384,6,51.29999999999999,-0.86,0.0
321,6,22.28833333333333,114.21333333333332,0.35680152666343795
688,6,39.905,32.81,0.7032341473356444
528,6,37.45,126.44333333333333,0.7098697010255117
237,6,30.208333333333332,120.21,0.34548022692915853
246,6,31.819999999999997,117.22666666666667,1.1140952977538168
251,6,26.05666666666667,119.3,0.49947960407302117
1138,6,27.941666666666666,-82.46833333333333,0.3490480538270959
711,6,24.80333333333333,120.96499999999999,0.33644036064936783
481,6,34.705000000000005,137.73333333333332,0.5775877735377059
482,6,34.97,138.38833333333332,0.5767958393119329
1111,6,26.14833333333333,-80.11666666666666,1.2651618521392418
1112,6,26.07166666666667,-80.14166666666667,0.24910849851716674
736,6,33.505,-86.80166666666666,0.3090617210122312
740,6,35.184999999999995,-111.66000000000001,0.45442367650278487
745,6,33.60666666666666,-112.16666666666667,1.043881692919759
720,6,25.061666666666667,121.36833333333334,0.3531904442223952
249,6,24.478333333333335,118.11500000000001,0.691307300069774
1087,6,39.54666666666667,-104.88166666666666,0.6564051720807244
1028,6,33.833333333333336,-118.35333333333334,0.46180826019039417
839,6,37.31666666666667,-122.02333333333333,0.9601770146473152
1632,6,47.54666666666666,-122.05,0.0
1637,6,47.71333333333333,-122.19833333333332,0.31002691395455345
1639,6,47.04333333333333,-122.82833333333333,0.12629660842000742
844,6,38.54833333333333,-121.75833333333333,0.6201934294560649
1012,6,33.73166666666666,-117.82666666666667,1.10529012171524
120,6,43.67666666666667,-79.295,1.044887221083182
99,6,43.528333333333336,-80.23166666666667,0.6320350617360154
1062,6,38.95166666666667,-104.76333333333334,0.32943074506759923
407,6,51.45666666666667,-0.9700000000000001,0.0
409,6,53.37833333333333,-1.4749999999999999,0.4811969854509408
1354,6,36.288333333333334,-115.27833333333332,0.6694051692298834
448,6,35.654999999999994,140.03333333333333,0.1505935970112228
790,6,33.85666666666666,-117.92333333333333,1.073240616776035
1074,6,39.60333333333333,-104.89,1.0329735287412078
1079,6,39.08833333333333,-108.60166666666667,0.4692182431974947
802,6,37.87,-122.26666666666667,0.8936613028135661
1516,6,31.801666666666666,-106.40333333333332,0.4007267692296091
1357,6,36.11833333333333,-115.305,1.09363528301102
1358,6,36.25,-115.245,0.8468088977015206
1618,6,47.47333333333333,-122.33666666666666,0.9701497265483366
1623,6,47.781666666666666,-122.35333333333334,0.5968425289901459
1626,6,47.919999999999995,-122.22666666666667,0.0
1628,6,47.98,-122.20333333333333,1.027117045618852
1037,6,34.265,-119.25,0.699913473827384
912,6,33.76833333333334,-118.11500000000001,0.48198995012355467
48,6,53.45666666666667,-113.49666666666667,1.0227642779276147
985,6,32.94833333333333,-117.11166666666666,0.6518509090958592
198,6,32.0,118.72500000000001,0.6849785748470247
1561,6,29.42833333333333,-98.49,0.6695387839132229
1563,6,29.52,-98.575,1.2448753464840423
195,6,31.641666666666666,120.75,1.02930970575946
196,6,32.013333333333335,120.875,0.18532487774091969
580,6,19.401666666666667,-99.27499999999999,0.36012750148326783
582,6,19.38,-99.08833333333332,0.17482410079021182
35,6,50.96,-114.06833333333333,0.23345848813490552
5,5,25.104000000000003,55.162,0.2013893123094092
6,5,25.08,55.141999999999996,0.20142223009044566
1237,5,39.339999999999996,-76.624,1.2881476202570883
1236,5,39.188,-76.672,0.28135827326498786
1233,5,38.988,-76.54400000000001,0.22238985328924513
601,5,21.04,-86.87,0.0
598,5,19.032,-98.23400000000001,1.0633077282566936
192,5,31.272000000000002,121.41399999999999,0.6726890404937077
15,5,-33.874,151.21,0.0
1549,5,32.028000000000006,-102.13199999999999,1.113410058209174
1240,5,38.986000000000004,-77.096,0.6176579256392644
893,5,33.65,-117.74600000000001,0.0
979,5,33.448,-117.606,0.6671695598674524
1657,5,47.15,-122.29,0.22238985328910363
20,5,26.227999999999998,50.546,0.22238985328910363
17,5,-37.814,144.964,0.681501797105325
333,5,48.782,9.178,0.36893410565081586
1437,5,45.528000000000006,-122.612,0.5339739211520887
1435,5,45.47,-122.694,0.9618973042323431
918,5,37.894,-122.524,0.44477970657820726
916,5,37.448,-122.174,0.5679153273427793
1045,5,34.19,-118.63,0.18395614159774087
1041,5,36.302,-119.31800000000001,1.215326279160172
1620,5,47.36,-122.112,0.1506445953216372
1369,5,40.936,-73.842,0.9488333434756356
1368,5,40.88,-73.90799999999999,0.5586289588979441
277,5,23.032,113.114,0.4270552665752376
275,5,23.048,113.15799999999999,1.0764092222470023
1500,5,33.032,-96.832,0.40883823278551484
1616,5,47.88,-122.18599999999999,0.8949219993149782
1613,5,48.768,-122.46,0.808683634827793
796,5,33.86,-118.08600000000001,0.5781394690441488
793,5,34.146,-118.00999999999999,0.5905201093514583
459,5,35.63,139.78,0.3615150998392635
446,5,35.858,139.654,0.28624845348383054
445,5,35.88,139.82800000000003,0.1801905498479372
1355,5,36.16,-115.322,0.17955143751196884
788,5,33.564,-117.71199999999999,0.5118797386442232
786,5,37.763999999999996,-122.24000000000001,0.17581757272356216
405,5,52.626,1.3,0.8497248101859588
800,5,34.066,-117.976,0.8663578747413532
1060,5,38.878,-104.72,0.6671695598671694
1057,5,39.41,-104.862,0.17182346668314014
827,5,37.976,-122.064,0.17529337812456508
820,5,34.028000000000006,-117.67999999999999,0.5909986626060121
414,5,57.144000000000005,-2.104,0.12066609949745018
1388,5,39.77,-84.062,1.1252231191667734
444,5,35.903999999999996,139.624,0.44477970657820726
438,5,43.058,141.324,1.045239428288553
436,5,31.968,35.852,0.8749171243998951
813,5,36.982,-121.96599999999998,0.22238985328910363
1051,5,39.84,-105.08,0.0
782,5,32.291999999999994,-110.97200000000001,0.2912121911126836
811,5,37.288,-121.98599999999999,0.6380496676771644
1105,5,27.932,-82.326,0.22238985328903288
1606,5,38.642,-77.29400000000001,0.2821967299057121
1104,5,27.387999999999998,-82.452,0.6173078383776271
763,5,33.604,-111.984,0.5556567326412575
758,5,33.44,-112.008,0.1855761823086162
757,5,33.64,-112.064,0.3702945383616437
780,5,32.226,-110.94800000000001,0.18812269846660856
772,5,33.624,-111.88399999999999,0.5555707862948873
770,5,33.492000000000004,-111.93000000000002,0.22238985328924513
476,5,35.512,139.622,0.2867481102977865
473,5,35.53,139.7,0.0
468,5,35.702000000000005,139.41199999999998,0.28647723125340907
1014,5,34.414,-118.55799999999999,0.5107027455478386
1013,5,34.42,-119.702,0.1834530009198675
83,5,48.462,-123.332,0.9621801003249184
105,5,43.64,-79.614,0.9797384151413693
104,5,43.59,-79.644,0.0
1033,5,38.362,-121.95599999999999,0.6313292186755968
1024,5,38.006,-121.31799999999998,0.7279271118956403
1022,5,34.272000000000006,-118.78,1.2330294416645968
858,5,37.836,-122.28800000000001,0.7423890910503242
466,5,32.751999999999995,129.868,0.2905935138242042
488,5,34.43,135.244,0.0
722,5,22.991999999999997,120.22999999999999,0.6318420575471112
1116,5,29.648000000000003,-82.346,0.22238985328910363
279,5,23.11,113.244,0.6493234429537533
1340,5,35.094,-106.602,1.3068393342705424
1337,5,40.922000000000004,-74.072,0.5584764634980758
1335,5,40.858,-73.97200000000001,0.3905856077028861
1110,5,26.110000000000003,-80.138,0.6218142948369277
1599,5,39.032,-77.406,0.5631968912450572
127,5,45.46,-73.75,0.0
125,5,43.477999999999994,-80.534,0.22238985328924513
154,5,40.08,116.6,0.1701607501557742
152,5,39.99,116.41600000000001,0.34077091603657206
713,5,25.083999999999996,121.47200000000001,0.604233778625343
1137,5,27.97,-82.54,0.0
1135,5,30.442,-84.3,0.4853613655346393
729,5,24.256,120.728,1.0137853006886572
724,5,22.99,120.196,0.0
523,5,35.816,128.53400000000002,0.7529669668847301
519,5,35.1,129.03199999999998,0.181948195550318
1523,5,29.542,-95.144,0.4882507387750127
1536,5,29.74,-95.536,0.579293592901877
243,5,30.868000000000002,120.096,0.41327455387284473
238,5,30.176,120.26399999999998,0.5767349502654253
268,5,30.582,114.352,0.9881895449763995
512,5,37.612,126.922,1.0195639147981723
1320,5,35.87,-78.79400000000001,0.6249930023677587
529,5,37.446000000000005,126.702,0.17655180907577528
1149,5,33.64,-84.44,0.3702945383616437
697,5,40.983999999999995,28.824,0.0
330,5,52.504,13.322,0.6671695598668864
324,5,22.148,113.55999999999999,0.22238985328910363
402,5,52.989999999999995,-2.29,0.0
1402,5,39.364,-84.372,1.4054977542243758
1395,5,40.052,-82.912,0.562861252198323
1394,5,40.144,-82.986,0.0
1390,5,39.132000000000005,-84.512,0.39490123834288327
1389,5,39.153999999999996,-84.43,0.5173381370373177
412,5,50.90599999999999,-1.406,0.14022577630622948
1458,5,40.006,-75.22200000000001,0.6208561683203719
311,5,34.338,108.944,0.40601819537403083
714,5,24.144,120.72200000000001,0.6087930849351034
1600,5,38.954,-77.44800000000001,0.17295144375656657
218,5,32.488,119.922,1.0422929595300388
681,5,12.928,100.88,0.222389853289139
672,5,13.802000000000001,100.61600000000001,0.222389853289139
1163,5,21.306,-157.86,0.0
149,5,39.90599999999999,116.30999999999999,0.17058484542206753
1585,5,37.653999999999996,-77.62,0.5281886715363812
526,5,35.836,128.618,0.901452951331948
1298,5,37.208000000000006,-93.276,1.4215022073908026
1294,5,39.302,-94.71799999999999,0.28120792073703393
553,5,36.022000000000006,129.346,0.7944567014942401
550,5,36.824,127.148,0.5340375307218491
1202,5,39.616,-86.16,0.6671695598671694
1193,5,41.983999999999995,-87.862,0.1653198022881316
1184,5,42.386,-87.966,0.6050324368388669
1181,5,41.796,-87.598,0.16578629810632523
170,5,37.87,112.564,0.7890393114445035
169,5,38.041999999999994,114.498,0.9229897216808917
188,5,31.266000000000002,121.58600000000001,0.6348832932639974
1418,5,44.064,-121.304,0.9867935770530505
894,5,33.724000000000004,-117.79,0.44477970657806576
1005,5,35.294,-120.66199999999999,0.5741355196198488
875,5,33.882,-117.88,0.5916490453307024
872,5,36.812,-119.782,0.5784924104959895
869,5,37.55800000000001,-122.274,0.4600879864870098
864,5,38.257999999999996,-122.03800000000001,1.2930662745617525
993,5,37.62,-122.394,0.5284494058595204
1647,5,48.09,-122.18199999999999,0.8023098607972468
73,5,49.186,-122.84400000000001,0.14534349221024884
1410,5,35.646,-97.46799999999999,0.6896650352985371
658,5,59.92999999999999,30.356,0.0
684,5,18.796,98.978,0.6316005807918402
605,5,1.46,103.758,0.22231765582908114
1226,5,42.38,-71.184,1.2742131530922616
1220,5,38.254,-85.628,0.5239395508767284
1215,5,39.1,-84.51,0.44477970657806576
1537,5,29.78,-95.71799999999999,0.6378005060680557
1261,5,42.274,-83.74,0.49364216703285335
1247,5,39.036,-77.062,0.5182437726830166
586,5,19.488,-99.244,0.6416835656534274
632,5,14.61,120.98999999999998,0.44477970657820726
606,5,2.196,102.252,0.6670071265691138
318,5,22.387999999999998,114.19200000000001,0.6336387424978107
885,5,37.606,-122.06599999999999,0.7284876070634333
364,5,51.48,-1.56,0.0
360,5,52.220000000000006,-1.504,0.0
355,5,48.894,2.236,0.5147770213822467
380,5,51.507999999999996,-0.296,0.5387732814016511
369,5,50.721999999999994,-1.876,0.7263745028165159
645,5,52.402,16.934,0.7161598926834578
1662,5,45.72,-122.66,0.15526490500047363
946,5,33.892,-118.15,1.4451206402578283
1683,5,45.64,-122.59200000000001,1.2588205046116798
1680,5,47.458000000000006,-122.258,0.3727486914848085
30,5,25.080000000000002,-77.324,1.0280787613794715
29,5,-23.618000000000002,-46.7,0.22238985328910363
937,5,34.076,-117.554,0.1841957267163493
956,5,33.642,-117.59200000000001,0.2893661637583795
953,5,38.588,-121.282,0.5700427251948366
952,5,33.02,-117.06800000000001,0.18646953350886786
3,5,25.25,55.35,0.0
965,5,38.352,-122.71599999999998,0.22238985328910363
1,5,24.468,54.34400000000001,0.42480426717984904
7,4,25.122500000000002,55.197500000000005,0.37499649240342453
1693,4,42.8875,-87.91499999999999,1.0299987317789354
9,4,25.2275,55.415,1.2526528780372395
1692,4,43.0675,-88.0475,0.34427204990557153
1676,4,47.7475,-117.4025,0.33499074749162155
1675,4,47.6725,-117.4025,0.3351310047959195
1673,4,47.935,-122.10499999999999,0.0
1671,4,47.56,-122.3825,0.18759077881417885
1669,4,47.5775,-122.33500000000001,0.4655064730324423
942,4,33.8125,-116.5375,1.4456766501913152
58,4,49.1275,-122.89,0.5559746332227591
958,4,34.055,-117.17500000000001,0.0
940,4,32.7975,-117.245,0.5116541710636735
933,4,37.7175,-122.21,0.27798731661137954
932,4,38.097500000000004,-122.5625,0.9935504111710083
24,4,-22.9025,-43.18,0.27798731661137954
26,4,-23.43,-46.485,0.0
28,4,-23.595,-46.6875,0.5094744323634045
1677,4,47.66,-117.2125,1.1233946291389794
1650,4,47.86,-121.975,0.0
1654,4,47.0475,-122.9375,0.33639202748954006
1659,4,47.474999999999994,-122.215,0.7515796726461861
1660,4,47.49,-122.1575,0.18784127713107213
50,4,52.2475,-113.815,0.944377798391232
52,4,53.6475,-113.6275,0.4427549186575802
920,4,37.695,-121.0575,1.0724345542823543
924,4,37.1225,-121.6375,0.7110835585078084
976,4,36.715,-121.655,0.0
978,4,37.6375,-122.4225,0.3545980952868272
1417,4,45.45,-122.7825,0.6175484631420778
1420,4,44.585,-123.265,1.0785737170090424
1269,4,42.9675,-85.6725,0.34446740681699034
559,4,29.24,47.97,0.0
1538,4,29.765,-95.6175,0.48264835914220033
636,4,14.62,121.055,0.0
1219,4,38.2525,-85.755,0.4962954628104792
609,4,5.4125,100.33,0.5559746332227812
611,4,3.1625,101.61,0.2779873166113906
614,4,2.74,101.69,0.0
200,4,32.03,118.7375,0.23566945043920048
204,4,31.45,121.125,1.4615990241736738
174,4,41.79,123.4025,0.20726520825878691
1550,4,29.57,-95.57249999999999,0.6464013936776236
1552,4,31.89,-102.3425,0.47205799276791227
1556,4,33.04,-96.7225,0.4660680495101407
1557,4,32.8975,-96.47,0.97819833569606
189,4,31.3,121.32249999999999,1.0310320677482638
1185,4,42.1875,-88.10249999999999,0.5519524326761803
1190,4,41.715,-87.735,1.3875810341716712
1201,4,41.72,-86.1825,0.9709573948232493
640,4,10.325,123.91,0.0
641,4,14.5925,121.1725,0.5470104179415433
643,4,50.065,19.9425,0.3569274066231393
651,4,55.8175,37.39,0.27798731661137954
621,4,52.09,5.11,0.0
623,4,59.912499999999994,10.745000000000001,0.5567306087264757
588,4,21.15,-101.6975,0.25926181936809767
1245,4,39.1175,-77.2075,0.5675178718296651
1253,4,38.995000000000005,-77.03,0.0
1254,4,39.402499999999996,-76.60249999999999,0.3513028970486192
1257,4,43.63,-70.3425,0.4024203761125384
1266,4,42.355000000000004,-83.065,0.0
1267,4,42.73,-84.48,0.40839639879059436
1169,4,41.6025,-93.7575,0.5549859674963088
1172,4,43.605000000000004,-116.28,1.2424035552972985
1173,4,43.597500000000004,-116.205,0.9471658635679058
1177,4,40.11,-88.2275,0.212607192758364
1180,4,42.0075,-87.7675,0.8976444199690441
655,4,55.795,37.53,0.6250081975132705
656,4,55.73,37.6375,0.15653283081960273
665,4,1.3325,103.74,0.27798731661139614
666,4,1.32,103.84,0.0
1568,4,29.595,-95.6275,0.48341712437039946
1570,4,40.765,-111.84,0.6974425922420424
1574,4,38.7575,-77.08,0.5559746332229359
1575,4,37.23,-80.415,1.1533559978034602
157,4,40.0475,116.3025,0.3500930492651065
159,4,40.06,116.6175,0.21276340192451507
168,4,39.6275,118.18,0.5649881532201598
1540,4,29.9625,-95.54,0.6086392689525528
1541,4,29.7875,-95.505,1.2186867980023424
1544,4,32.8325,-97.1925,1.0230979677267684
1546,4,33.07,-96.8875,0.23295463332082242
570,4,33.8975,35.48,0.2779873166112027
1277,4,42.6325,-83.13,0.5559746332229359
1281,4,42.625,-82.99,0.6902608337479206
1285,4,44.8775,-93.32499999999999,0.47496529009562616
1289,4,45.01,-93.1725,0.3930648123547056
1290,4,44.945,-93.155,0.7870212627778534
545,4,37.54,127.2225,0.2204239689523574
1527,4,32.935,-97.0975,0.4665964026745982
1530,4,29.6825,-95.46,0.5559746332227591
1532,4,29.925,-95.615,1.2175991361521366
682,4,13.54,101.01,0.0
1166,4,19.6475,-155.9925,0.5397858631661515
226,4,29.3,121.435,0.0
227,4,28.01,120.66,0.0
229,4,29.307499999999997,120.0775,1.0051886646573136
236,4,30.17,121.255,0.9613224658773843
549,4,36.635000000000005,127.42750000000001,0.44611462154002113
555,4,35.2325,128.8675,0.5050593010269366
1300,4,38.63,-90.19,0.0
1302,4,45.7675,-108.58,1.0047967790078551
1586,4,38.4325,-78.8675,0.7062367476568308
1588,4,38.9575,-77.4025,0.9883532426136254
1592,4,37.5125,-77.6075,0.6328242944274787
142,4,47.4525,8.557500000000001,0.33557163657801814
146,4,-33.4,-70.79,0.0
1152,4,33.915,-84.38,0.0
1157,4,33.8925,-84.475,0.5559746332227591
673,4,13.77,100.64,0.0
155,4,39.8275,116.2925,0.982996530004914
126,4,42.33,-83.0425,0.9669947842944357
132,4,46.807500000000005,-71.22,0.5271317707486297
137,4,47.555,7.59,0.0
1597,4,38.7775,-77.18,0.9281078946557652
689,4,39.9,32.8675,0.4265243636791819
699,4,41.0125,28.9625,0.6964849552776334
1581,4,38.8425,-77.125,1.0633477438129424
1583,4,38.295,-77.5125,0.4363758887137657
527,4,35.8575,128.505,1.0337135982811736
531,4,36.32,127.4025,0.44796076059248224
540,4,37.21,126.555,0.0
1316,4,35.61,-77.36500000000001,0.0
510,4,37.605000000000004,127.09,0.7093065235991587
518,4,35.1125,128.965,0.5053946595147157
240,4,30.29,120.21,0.0
247,4,31.325,118.37,1.111949266445695
248,4,24.4525,118.08,0.27798731661146797
252,4,26.0825,119.305,0.52767026725311
1518,4,32.915,-96.96249999999999,0.46670190279823565
1524,4,33.11,-96.8075,0.6406018277430385
522,4,35.515,128.36,0.7168702757451932
493,4,34.775,135.505,1.4389560233718535
495,4,34.66,133.92249999999999,1.013286715452207
496,4,34.3875,132.46,0.2779873166112027
498,4,33.8425,132.76,0.5922581946548109
501,4,26.3175,127.7625,0.6512924227856408
731,4,24.18,120.62,0.0
1144,4,34.0475,-84.29,0.5913433031816396
1148,4,33.925,-84.345,0.9226608533906588
703,4,41.11,29.025,0.0
705,4,38.4325,27.1375,0.49575371746201813
1326,4,36.09,-80.2775,0.44927904549419256
1331,4,39.93,-75.03,0.7006222362093806
1333,4,40.55,-74.34,0.6982641189609841
1334,4,40.89,-74.26,0.42029888201158516
480,4,36.5725,136.6525,0.7130831600974801
484,4,35.1375,136.905,0.5053109133534043
280,4,23.175,113.27,0.0
253,4,28.68,115.9,1.1355637525588769
737,4,33.465,-86.7775,1.2800252454151333
738,4,33.224999999999994,-111.7925,0.4651134371939241
739,4,33.315,-111.975,1.2805214983729156
741,4,33.3325,-111.8125,0.6402436614019358
744,4,33.6425,-112.23,0.27798731661137954
1118,4,30.262500000000003,-81.52250000000001,0.6074313089141863
1120,4,28.3675,-81.5125,0.7405725183523173
1128,4,28.43,-81.31,0.0
1102,4,25.9525,-80.14500000000001,0.5559746332225822
1103,4,26.3675,-80.1275,0.3732476290875267
1602,4,36.76,-76.0125,0.6341753877373466
1604,4,36.8125,-76.10249999999999,0.7122126801540386
1607,4,48.15,-122.185,0.0
1608,4,45.78,-122.5525,0.1938726102937121
1611,4,47.5775,-122.17,0.27798731661137954
112,4,43.4525,-79.67500000000001,1.0250724272953704
116,4,43.894999999999996,-79.4425,1.176587006551483
119,4,43.71,-79.3625,0.2009421735161504
121,4,43.77,-79.4125,0.620867939360431
122,4,43.68,-79.345,0.8041708996178941
1106,4,25.7225,-80.27250000000001,0.6246046996980281
1109,4,25.79,-80.375,0.0
505,4,37.58,126.89,0.0
1325,4,34.2325,-77.8275,0.6386919560486615
258,4,37.5425,121.38499999999999,0.4984112855637369
260,4,36.1,120.46,1.0845893868746055
263,4,34.77,113.72,1.0944524842479921
487,4,35.0,135.73250000000002,0.4554277571870739
491,4,34.73,135.5,0.0
463,4,35.7025,139.58,0.2779873166112027
470,4,35.415,139.3175,0.4531341591056274
471,4,35.4525,139.39,0.27798731661137954
1344,4,35.6875,-105.9475,0.5037645457975172
768,4,34.555,-112.48,0.9157815059201748
776,4,33.662499999999994,-112.3625,0.7233466018255379
749,4,33.385000000000005,-111.8625,0.46426103888129466
751,4,33.385000000000005,-111.7475,0.46426103888188536
754,4,33.7125,-112.2675,0.361587233255413
760,4,33.68,-111.9725,0.23132651959026998
764,4,33.515,-112.0825,0.4635122202697881
456,4,35.6575,139.34,0.27798731661137954
300,4,29.53,106.5675,0.24187613704522504
1492,4,36.11,-86.8125,0.4491646991216691
1496,4,30.0,-95.175,0.9629763121554221
1069,4,39.7475,-105.05,0.5643895888932502
1073,4,39.65,-104.9875,0.9840510224824572
1077,4,39.5375,-107.3325,0.6290263503077973
1080,4,39.0875,-108.55,0.5559746332227591
1082,4,39.5475,-105.0025,0.9210296953430779
1083,4,39.535,-104.94,0.0
1093,4,39.912499999999994,-104.985,0.9900327110439777
1098,4,41.06,-73.5425,0.6261338800475923
766,4,33.45,-112.07,0.0
767,4,33.6175,-111.935,0.5094751442337779
254,4,28.6875,115.8575,1.0095637285936272
256,4,36.6775,117.13,0.9468116284148194
1363,4,39.4725,-119.7825,0.35117102163244956
1365,4,39.5275,-119.875,0.994304458710356
430,4,53.39,-6.39,0.0
432,4,53.29,-6.25,0.498513325536785
1624,4,46.9925,-120.54,1.0521777781924786
1627,4,48.0,-122.10499999999999,0.0
101,4,42.985,-81.25,0.8134267155109575
102,4,43.5375,-79.8675,0.4794985521148719
781,4,32.225,-110.8325,1.2841723310625102
784,4,33.864999999999995,-117.7475,0.4616280761909954
1347,4,36.065,-115.04,0.0
1352,4,36.055,-115.24,1.1119492664455182
1353,4,36.125,-115.0825,1.2706271843438501
449,4,35.61,140.115,0.0
450,4,35.695,139.9875,1.1920584889018009
452,4,35.8575,139.9675,0.35782846237404775
1459,4,40.44,-79.9575,0.21157215714793712
1462,4,40.5375,-80.0125,0.6271289175971009
1476,4,36.035,-86.79,0.7150117838668703
1481,4,35.9525,-83.93,0.5826883425537858
288,4,22.54,113.9825,0.2567524614391478
823,4,38.67,-121.27,0.5559746332227591
1063,4,38.945,-104.795,1.408647917007006
1068,4,39.65,-104.915,0.8561527785211115
797,4,38.94,-121.095,0.0
805,4,33.8525,-117.9975,0.508855419752822
1614,4,48.7925,-122.5,0.5559746332227591
1617,4,47.615,-122.63,1.1119492664453414
1499,4,30.395,-97.7425,1.1246844612248672
1501,4,30.6175,-96.345,0.5172132730565029
272,4,23.035,113.775,1.0232890969358377
273,4,23.015,113.76,0.0
836,4,34.0775,-117.8875,1.0165183170451608
838,4,34.0225,-118.4,1.0998174202570463
106,4,43.5275,-79.6875,0.6213391197940242
1635,4,47.375,-122.3025,1.1697137633826769
1641,4,47.165,-122.515,0.0
79,4,49.265,-123.2475,0.3627708196179677
84,4,49.33,-123.155,0.7246588429073603
1049,4,39.1425,-121.6375,0.9871305943806197
817,4,39.745,-121.8425,1.257259436005033
819,4,34.0025,-117.72749999999999,0.5915483411075453
435,4,31.43,35.595,0.0
443,4,36.56,139.9,1.0811335087122607
1379,4,40.7375,-73.6075,0.4886124410158758
1386,4,41.0775,-81.515,0.4875321580400168
418,4,47.5025,19.0275,0.6134788589842914
422,4,-7.26,112.74249999999999,0.27575866690702
290,4,22.54,114.0175,0.2567524614391478
423,4,-7.2875,112.7275,0.5537275517767335
425,4,-6.3,106.85,0.0
426,4,-6.12,106.785,1.1087806504695805
428,4,51.9,-8.47,0.34305629409702054
397,4,51.4525,-0.14250000000000002,0.6055479241364781
401,4,52.04,-0.7625,0.5129793262044622
406,4,52.947500000000005,-1.15,0.2779873166115564
410,4,53.4075,-1.41,0.27798731661137954
411,4,53.32,-1.28,0.0
305,4,30.677500000000002,103.965,0.51706486861321
307,4,26.5775,106.705,1.1187656395821524
856,4,37.99,-122.3,1.0700952973393811
1023,4,38.9575,-119.94,0.27798731661137954
1027,4,34.1875,-118.925,1.1814386928818343
829,4,37.98,-122.0325,0.631958541552531
870,4,37.5275,-121.9975,0.3548002558798504
876,4,33.7675,-117.96,1.1851897803871165
1007,4,33.1325,-117.1675,0.5107829754879871
1009,4,37.97,-122.525,0.0
1011,4,37.775000000000006,-121.975,0.0
1015,4,34.92,-120.4325,0.22793628652584377
1019,4,32.84,-116.9825,0.4671233345046037
846,4,32.945,-117.23,0.0
849,4,37.705,-121.93,0.0
850,4,37.705,-121.8775,1.0723568109811155
315,4,22.3375,114.14750000000001,0.5351101790862003
1455,4,40.2325,-75.24249999999999,0.6277384611427238
1391,4,41.504999999999995,-81.605,1.110936894994217
1393,4,40.0,-82.89,0.0
386,4,51.66,-2.43,0.0
387,4,51.24,-0.5874999999999999,0.8701831093944707
339,4,50.94,6.952500000000001,0.3503384476454215
325,4,4.6775,-74.0475,0.5550478035008785
304,4,30.67,104.11,0.0
1406,4,41.4225,-81.9075,0.9033588554426839
1409,4,41.31,-81.83,1.0432925567533815
1412,4,36.057500000000005,-95.875,1.1643904464596098
1413,4,44.63,-123.0825,0.1978319815726861
1414,4,45.5375,-122.8725,0.3394022530849072
1415,4,45.4375,-122.82249999999999,0.679201718849083
67,4,49.315,-123.07499999999999,0.0
68,4,49.3275,-123.1,1.0260020926856663
992,4,37.7575,-122.475,1.0136930896665395
994,4,37.3675,-121.8325,0.5760192961274724
1000,4,37.4,-121.93,1.0746821209463808
1002,4,37.305,-121.86,1.2663818471612904
861,4,34.165,-118.525,0.9200532581527403
371,4,50.8225,-0.14750000000000002,0.5044264127331002
375,4,52.2075,0.1275,0.7890134598739901
349,4,37.385000000000005,-5.9925,0.4417333075934241
350,4,39.4725,-0.3775,0.4925817180748754
1424,4,45.5025,-122.4125,0.3394618459382246
1432,4,45.59,-122.59,0.0
900,4,34.114999999999995,-117.7675,0.4602717084031085
903,4,33.8525,-118.12,0.5559746332224054
904,4,32.74,-117.05,0.4676488433965158
905,4,38.875,-121.2975,0.4328052923750352
878,4,37.0075,-121.5525,0.6337206155095942
890,4,33.665,-117.9625,0.46270684376616433
990,4,34.1075,-117.815,1.1821522790052787
87,4,49.81,-97.14500000000001,0.3587839790459795
61,4,49.8825,-119.485,1.019599324296027
64,4,48.4475,-123.505,0.5559746332227591
930,4,34.225,-118.5,1.2773839088612404
37,4,50.9075,-114.0675,0.32864480120549194
41,4,51.0,-114.07499999999999,0.6569080037763002
1668,4,47.52,-122.37,0.0
961,4,33.9525,-117.39,0.9697798068314797
963,4,38.795,-121.21,0.8666450744388425
966,4,33.77,-118.38,1.1016565631371533
911,4,33.81,-118.18,1.101371716794724
1649,4,47.8525,-122.22,0.27798731661137954
1433,4,45.587500000000006,-122.7425,0.5338351072427785
1436,4,45.525000000000006,-122.56,0.0
1440,4,44.265,-121.1825,0.3981102643439225
1449,4,40.347500000000004,-80.055,0.5559746332227591
1450,4,40.1,-75.29,0.5559746332225822
1451,4,42.06,-80.095,0.9687545002294595
335,4,49.45,11.0775,0.18072271798740555
599,4,19.035,-98.2025,0.5255894957716724
574,4,20.65,-103.39500000000001,0.0
176,4,41.8,123.46249999999999,0.20723287263317017
178,4,43.8925,125.3275,0.5429824333252258
179,4,45.7725,126.62,0.27798731661137954
183,4,31.3925,121.49,1.1180463781315302
615,4,5.975,116.07,0.0
1229,4,42.3225,-71.18,0.5512565759327914
1232,4,42.302499999999995,-71.3925,0.8948115063835281
1234,4,39.28,-76.57249999999999,0.43035842168180943
590,4,20.625,-103.42,1.1119492664455182
594,4,25.7825,-100.1175,0.6243935755986361
220,4,31.2725,120.6325,0.36568670796896896
947,4,38.24,-122.63499999999999,0.9926509932958935
955,4,34.114999999999995,-117.5675,0.4602717084019374
927,4,33.565,-117.1925,1.1031302667098504
8,3,25.070000000000004,55.13,0.0
13,3,-32.88666666666666,-68.84,0.37064975548183937
16,3,-28.02,153.43,1.111949266445636
21,3,-17.75,-63.19,1.0590158106542082
22,3,-22.899999999999995,-43.11666666666667,0.3414371452605373
23,3,-22.98,-43.22333333333333,0.34123543124994155
25,3,-22.95,-43.18,1.1119492664455182
1678,3,47.26666666666667,-122.51666666666667,0.8736543701752121
1679,3,47.21666666666667,-122.47333333333334,0.44806932922579984
1681,3,47.0,-122.91333333333334,0.25278252522521255
51,3,53.53333333333333,-113.3,0.8718007641800716
49,3,53.43666666666667,-113.61,0.8730024806250789
46,3,53.6,-113.49,0.0
1656,3,47.10999999999999,-122.29333333333334,1.1896622294539914
1655,3,47.15333333333333,-122.36,0.37064975548183937
1653,3,48.29333333333333,-122.65666666666668,0.44518385671284544
1652,3,47.49,-121.78666666666668,0.25045503617476284
1651,3,47.54,-122.17,0.0
1648,3,47.59,-122.23666666666666,0.24997778220762543
1646,3,48.053333333333335,-122.17666666666668,0.8661950128440546
1645,3,47.88333333333333,-122.28333333333335,0.44628020841278065
76,3,49.10999999999999,-122.73333333333333,1.3289929030074603
75,3,49.19,-122.8,0.0
69,3,53.91,-122.78000000000002,1.111949266445754
65,3,49.16,-122.65666666666668,0.9695440377379206
62,3,49.88333333333333,-119.43333333333334,0.8483361906301076
922,3,34.086666666666666,-117.69,0.3706497554820752
917,3,37.42333333333334,-122.2,0.37064975548183937
915,3,33.68,-117.17666666666668,0.3084353594536933
914,3,37.8,-121.19333333333333,0.29287076199015977
970,3,38.64,-121.50333333333333,0.28950886473807685
968,3,33.99,-117.92,0.9219562298022351
967,3,38.73333333333333,-121.27,0.3706497554820752
962,3,33.906666666666666,-117.46333333333332,0.48167922823198034
959,3,34.07,-117.20666666666666,0.30702912254736875
957,3,40.583333333333336,-122.38666666666666,0.9336655655637373
939,3,34.23333333333333,-119.18,0.3706497554820752
938,3,33.82666666666666,-117.83999999999999,0.37064975548183937
936,3,33.18333333333333,-117.29,1.103761679043538
935,3,33.24333333333333,-117.29333333333334,0.48319062103059546
934,3,33.18,-117.33,0.9306519406097274
931,3,33.91,-118.08,1.111949266445754
908,3,38.12,-121.30666666666667,0.291597422735902
907,3,37.68333333333333,-121.77666666666666,0.47267479771095894
906,3,37.7,-121.74333333333334,0.2932668088874239
901,3,33.54333333333333,-117.78666666666668,0.988523115705607
898,3,32.843333333333334,-117.27,0.37064975548183937
896,3,33.92,-117.96333333333332,0.30757166993875373
895,3,33.68333333333333,-117.81333333333333,0.987520474389226
988,3,32.82333333333333,-117.15000000000002,0.37064975548183937
987,3,32.69,-117.12666666666667,1.225757089257284
983,3,32.78666666666667,-117.09999999999998,0.37064975548183937
982,3,32.913333333333334,-117.14333333333333,0.992989264198759
977,3,34.17666666666667,-117.33,0.37064975548183937
975,3,36.663333333333334,-121.64999999999999,1.069824355915485
974,3,38.68666666666667,-121.33666666666666,0.4702035238840571
973,3,38.656666666666666,-121.35333333333334,0.949505871995914
923,3,34.28,-118.87333333333333,0.30626602174038786
867,3,38.65333333333333,-121.17,1.049215081080322
866,3,38.67,-121.15666666666668,0.2893876417911778
865,3,38.65,-121.11666666666667,0.2894684659064139
863,3,33.07,-117.07,0.0
1003,3,33.5,-117.65666666666668,0.30907957592946167
1001,3,37.33,-121.81,0.0
999,3,37.306666666666665,-121.81333333333333,0.47360481109376523
997,3,37.25,-121.91333333333334,1.2150263078100536
996,3,37.25,-121.8,0.0
989,3,32.97666666666667,-117.08333333333333,0.4838032704320443
891,3,33.98,-118.36666666666667,0.3073549037427926
887,3,36.84,-121.39,0.0
884,3,38.74,-121.22666666666667,0.2891044797728298
883,3,34.26666666666667,-118.5,0.3706497554820752
882,3,34.26333333333333,-118.53000000000002,1.0935244944074838
881,3,34.13666666666666,-117.86333333333334,0.9842001822539915
854,3,34.07,-118.07,0.0
853,3,37.92666666666667,-122.32333333333332,0.9553588904085629
851,3,32.74333333333333,-116.93666666666667,0.48432252304085077
848,3,34.13666666666666,-117.97666666666667,0.48114801199318263
845,3,32.95333333333334,-117.25333333333333,0.4838485194573349
1020,3,33.78,-118.07,0.0
1018,3,38.446666666666665,-122.75999999999999,1.41239909729392
1017,3,38.46,-122.72333333333334,0.2902345344773672
1016,3,38.416666666666664,-122.71,0.3706497554820752
1010,3,37.76,-121.95666666666666,0.29302928787260357
1008,3,37.96,-122.33333333333333,1.213285784588752
1006,3,35.25333333333333,-120.68,1.4355868627682336
874,3,33.88,-117.96333333333332,0.30771599336788097
873,3,36.85,-119.79,0.0
871,3,36.74,-119.78000000000002,0.8910696931903924
868,3,34.06,-117.43666666666667,1.4439529050607252
841,3,37.343333333333334,-122.04,1.0628775020603272
832,3,37.93,-122.51666666666667,0.29235456746261795
831,3,33.98,-117.56,0.0
830,3,37.93333333333333,-122.02,0.37064975548183937
1036,3,38.13,-122.22333333333334,0.2915574841148391
1035,3,34.419999999999995,-118.58333333333333,1.2217744643261979
1034,3,38.34666666666667,-121.99000000000001,1.0524007218248042
1032,3,34.13,-117.64,0.0
1031,3,39.14,-123.20333333333333,1.4071919214685027
1030,3,37.52,-120.88,0.0
1029,3,33.79666666666666,-118.33,0.37064975548183937
1026,3,33.48,-117.08999999999999,0.9274529020559671
1025,3,34.14,-118.40333333333335,0.3067752133852955
860,3,33.05,-117.26333333333334,0.310676757388006
859,3,33.07,-117.26666666666667,0.3106061777607014
857,3,38.416666666666664,-121.45,0.3706497554820752
821,3,32.65333333333333,-116.96999999999998,0.37064975548183937
818,3,39.72666666666667,-121.79666666666667,0.46759883214169956
815,3,33.843333333333334,-118.26,0.37064975548160356
814,3,38.63666666666666,-121.33,0.37064975548183937
1052,3,39.61,-104.75666666666666,0.28554930520236604
1050,3,39.79333333333333,-105.11,0.37064975548183937
1048,3,38.55,-122.81333333333333,0.28987205722296444
1047,3,33.59666666666667,-117.24333333333334,0.4823915411361366
1046,3,33.943333333333335,-118.0,1.0965859126543454
1043,3,33.193333333333335,-117.24333333333334,0.9910135665303775
1042,3,33.166666666666664,-117.21666666666665,0.9911551796837138
1040,3,34.47,-117.34666666666665,0.3055720517518023
1039,3,34.51333333333333,-117.32666666666667,0.9815008042237214
1038,3,34.26,-119.21,0.0
843,3,37.8,-121.92,0.0
842,3,37.81666666666667,-121.99666666666667,0.47235546481417273
807,3,37.6,-122.39,0.0
799,3,35.34,-119.04,0.9070547897258939
798,3,35.376666666666665,-119.02,0.37064975548183937
1067,3,39.77333333333333,-105.04666666666667,0.4674727667111025
1066,3,39.68,-104.96666666666665,0.28526038395158865
1064,3,39.53333333333333,-105.3,1.0398351526237577
1061,3,38.89333333333334,-104.76333333333334,0.46968032785046904
1059,3,39.56666666666667,-104.91333333333334,0.9420781789294329
1058,3,39.57666666666666,-104.96333333333332,0.4679765775431215
1055,3,39.63666666666666,-106.52,0.37064975548183937
1054,3,39.65,-104.77666666666666,0.2853842595073095
1053,3,39.71,-104.82333333333332,1.2089487483142103
828,3,37.97,-121.99,1.1119492664455182
825,3,36.84,-119.69,0.8899074289479266
824,3,36.843333333333334,-119.73,0.37064975548183937
822,3,32.65333333333333,-117.06666666666666,0.9948105334331938
1086,3,39.70333333333334,-105.14,1.038004750948067
1085,3,39.68666666666667,-105.12,0.37064975548183937
1084,3,39.71333333333333,-105.08333333333333,0.9409226158625615
1081,3,40.39666666666667,-104.75,0.37064975548183937
1078,3,39.75,-105.21999999999998,0.0
1076,3,40.52333333333333,-105.07333333333332,0.4655730143270926
1075,3,39.88,-105.02666666666666,0.2844325499663951
1072,3,37.27,-107.88333333333333,0.29495961584681224
1071,3,39.63,-106.06,0.8564003992379557
1070,3,39.88333333333333,-104.98333333333333,0.9395148554131821
795,3,35.123333333333335,-120.60333333333334,0.9769949139959638
792,3,33.85333333333333,-117.79,0.37064975548183937
791,3,33.833333333333336,-117.93666666666667,0.9864421289621998
783,3,32.31,-110.89,0.0
809,3,34.22,-119.06666666666666,0.3064844708143195
808,3,33.92666666666667,-116.81,1.0967042585067526
778,3,33.38333333333333,-111.93,0.37064975548183937
775,3,34.86333333333334,-111.79666666666667,0.9789238911610113
774,3,33.67333333333334,-111.89999999999999,1.0991505837274473
773,3,33.78,-111.92,0.0
771,3,33.53666666666667,-111.92,1.447586748210007
769,3,34.59,-112.33666666666666,0.30513202309867055
765,3,33.63666666666666,-112.00666666666666,0.4822998687939561
1097,3,41.76,-72.67666666666668,1.38722045369496
1096,3,41.72,-72.76333333333334,1.203826522354236
1095,3,40.46666666666667,-106.82333333333332,0.9345903273818751
1094,3,39.51333333333333,-104.77,0.3706497554820752
1092,3,38.45333333333334,-107.87,0.37064975548160356
1091,3,40.19,-105.07333333333332,0.2831425618261353
1090,3,40.14666666666667,-105.13,0.37064975548160356
1089,3,39.61333333333334,-105.10000000000001,1.0389745222737226
1088,3,39.58,-105.13333333333333,0.2856729981452381
735,3,61.580000000000005,-149.41,0.0
734,3,61.23,-149.74333333333334,0.17839179048667542
733,3,61.14000000000001,-149.84666666666666,0.35780383119616355
1115,3,26.483333333333334,-81.79,0.37064975548183937
1114,3,26.53,-81.75666666666667,0.33162056235629145
1113,3,26.149999999999995,-80.32333333333332,0.33271127495317615
1108,3,26.05333333333333,-80.25,0.37064975548172147
1107,3,26.276666666666667,-80.2,1.1625153672708686
1101,3,39.74333333333333,-75.55333333333333,0.9406745519977645
762,3,33.57666666666666,-111.88333333333333,0.48243735060807874
759,3,33.67,-112.12,0.0
756,3,33.58,-111.98,0.0
753,3,33.32,-111.68666666666667,1.2243307566524237
752,3,33.42666666666667,-111.87333333333333,0.9893083176557287
750,3,33.46666666666667,-111.68,0.37064975548183937
779,3,33.35666666666666,-111.91000000000001,0.37064975548183937
728,3,25.040000000000003,121.45,0.0
723,3,23.0,120.21,0.0
718,3,23.03333333333333,120.23,0.37064975548172147
1132,3,30.53333333333333,-87.22333333333334,1.009177945269932
1131,3,30.47,-87.21333333333332,0.3194610926097984
1130,3,30.21666666666667,-85.87,1.1304233675761213
1129,3,28.49,-81.43,0.0
1126,3,29.163333333333338,-82.16666666666667,0.49207339860597205
1124,3,25.790000000000003,-80.21333333333332,0.3337310826679088
1119,3,27.236666666666665,-80.27,0.37064975548172147
1117,3,30.49,-81.68,0.0
748,3,32.34,-111.05,0.0
747,3,33.38,-112.17,0.0
746,3,33.67,-112.19666666666667,0.3084712291782278
743,3,33.27,-111.68333333333334,1.4493897966725087
742,3,33.38,-111.79333333333334,0.3095073592541964
710,3,23.5,120.45,1.111949266445636
709,3,24.070000000000004,120.54,1.0152628906290468
708,3,40.75,29.94333333333333,1.394987189130428
707,3,38.47666666666667,27.069999999999997,1.4121758434524334
706,3,38.39,27.046666666666667,0.2905159661778615
704,3,40.94,29.123333333333335,1.393532245453357
702,3,41.00333333333333,28.633333333333336,0.9301155979149486
701,3,41.0,28.886666666666667,1.2056483836398424
1145,3,33.82666666666666,-84.33,0.37064975548183937
1143,3,28.596666666666668,-81.36,1.1440949530014841
1142,3,26.706666666666667,-80.05,1.1592059721685353
1141,3,26.71666666666667,-80.08666666666666,0.49698897170397655
1140,3,28.05,-82.40666666666667,0.32711233275825197
1136,3,30.436666666666667,-84.25,1.1285164704445674
1134,3,27.23,-82.49333333333333,0.3295732062107411
1133,3,27.77333333333333,-82.63666666666667,1.0265701346908636
675,3,13.67,100.63333333333333,0.360150357971158
671,3,13.703333333333333,-89.23666666666666,1.0908586429611546
670,3,1.32,103.93,1.1119492664455919
669,3,1.3500000000000003,103.94,0.0
1161,3,19.7,-155.06666666666666,0.3489558271776068
1159,3,32.07666666666666,-81.09,0.37064975548183937
1158,3,32.0,-81.11666666666667,0.31432881936518536
1156,3,33.98,-84.42,1.4445072361045543
1154,3,33.53333333333333,-82.12333333333333,0.4825289160696668
1151,3,33.76333333333333,-84.35,0.3706497554820752
700,3,41.06,28.81,0.0
692,3,39.78333333333333,30.513333333333335,0.9403435570921569
691,3,40.19,29.06,1.111949266445754
690,3,36.85666666666666,30.75,1.0678158380663143
685,3,12.56,99.96,1.111949266445577
712,3,24.986666666666665,121.31,0.37064975548172147
654,3,55.82,37.5,0.0
653,3,55.75,37.54,0.0
1176,3,42.169999999999995,-88.33666666666666,1.2026394575129493
1175,3,47.71,-116.79,0.0
1174,3,43.65333333333333,-116.34999999999998,0.37064975548183937
1171,3,42.46,-92.33,0.0
1170,3,43.15,-93.25,0.8112400776148778
1168,3,42.02,-93.61666666666667,0.27535985801265056
1167,3,20.883333333333333,-156.68,0.3706497554819573
1165,3,20.886666666666667,-156.44666666666666,1.0632212199569366
683,3,17.406666666666666,102.79666666666667,1.0779889432505276
680,3,13.910000000000002,100.54666666666667,0.3597802805399797
679,3,13.826666666666668,100.68,0.37064975548183937
678,3,13.69,100.65000000000002,0.0
677,3,13.816666666666668,100.56,0.37064975548183937
676,3,13.833333333333334,100.57,0.37064975548183937
1199,3,39.96,-86.00666666666666,0.28410044540368556
1198,3,39.22333333333333,-85.89,1.0431577017923772
1197,3,39.97,-86.16000000000001,0.0
1196,3,39.16,-86.49666666666667,1.4070417443055592
1195,3,41.9,-88.33999999999999,1.1119492664450465
1192,3,41.36,-89.13,1.1119492664450465
1191,3,41.6,-87.84999999999998,0.0
1189,3,41.85666666666666,-87.97666666666667,0.9227530257431017
1188,3,41.85,-87.95,0.0
1187,3,41.76,-88.19666666666667,1.3872204536955905
1186,3,41.836666666666666,-88.00999999999999,1.0144937471897066
1183,3,41.88666666666666,-87.81,0.37064975548183937
662,3,59.64666666666667,17.93,0.37064975548183937
660,3,21.616666666666664,39.14333333333334,1.0597973108962346
659,3,24.679999999999996,46.68,0.0
657,3,55.70666666666667,37.626666666666665,1.1589342060814316
622,3,52.07666666666666,4.316666666666666,0.8262232310483323
648,3,18.46,-66.08,1.0547338551231105
647,3,18.423333333333336,-66.07,0.37064975548172147
646,3,53.43,14.550000000000002,0.0
639,3,14.68,121.08333333333333,0.35855036568011484
637,3,14.733333333333334,121.06,0.37064975548183937
1212,3,38.97,-95.29666666666667,0.28817105426670914
1211,3,38.94,-95.25,1.4086916060045607
1210,3,40.42,-86.91000000000001,0.8465403468621425
1209,3,41.63,-86.23333333333333,0.2770422919220262
1208,3,41.69,-86.24333333333334,1.2039037610507568
1207,3,41.47,-87.31,0.8331864372048038
1206,3,39.91,-86.14,0.0
1205,3,39.9,-86.04666666666667,1.4014592023431132
1204,3,39.73,-86.27,0.0
1200,3,41.11666666666667,-85.14,0.37064975548183937
1230,3,42.54666666666666,-70.94333333333333,0.916755833069438
616,3,1.53,110.36,1.1119492664455846
607,3,3.42,101.79,0.0
1228,3,42.22,-71.02333333333333,0.2744921175924709
1225,3,32.443333333333335,-93.71999999999998,0.3706497554820752
1223,3,32.556666666666665,-93.71,0.3706497554820752
1222,3,39.083333333333336,-84.48,1.4076172192021283
1221,3,38.22,-85.58666666666666,1.212644023598996
1218,3,38.29333333333333,-85.56333333333333,0.9524842737661201
1216,3,39.056666666666665,-84.66,0.37064975548183937
1214,3,37.72333333333333,-97.46,0.37064975548183937
1213,3,37.68666666666667,-97.24666666666667,0.9572624844072024
634,3,14.56,121.08,0.0
628,3,-12.15,-76.98333333333333,0.362347177870747
625,3,-16.4,-71.54,0.0
624,3,25.99,56.25,0.0
604,3,18.003333333333334,-92.94666666666667,1.0756674858258224
603,3,22.136666666666667,-101.02666666666666,1.057290103610896
602,3,23.24,-106.44666666666667,0.34057526833809265
597,3,25.676666666666666,-100.34666666666665,0.4989723129154113
596,3,25.679999999999996,-100.27666666666666,0.3340400645161927
593,3,19.636666666666667,-99.09999999999998,0.37064975548183937
592,3,20.68,-103.43,0.0
591,3,20.73,-103.44,1.0399603626892107
589,3,20.52,-103.3,0.0
1244,3,39.406666666666666,-76.94666666666667,0.4684038627314923
1243,3,39.20333333333334,-76.81,1.043371380953582
1242,3,38.97333333333333,-76.94666666666667,0.46948064149480184
1241,3,38.946666666666665,-76.73,1.4086666436033053
1239,3,39.52666666666667,-76.35,0.37064975548183937
1238,3,39.373333333333335,-76.46,1.0415524818130983
1231,3,42.4,-71.07666666666667,0.27370829127928453
1264,3,42.85,-85.62333333333333,0.271736923901486
1263,3,42.54,-83.79333333333334,0.27309678056624387
1262,3,42.70666666666667,-83.3,1.379898337816848
1260,3,42.24333333333333,-83.67666666666668,0.4611588650486471
1259,3,42.24,-83.77,0.0
1258,3,43.656666666666666,-70.25333333333333,0.4574884227052132
1256,3,44.833333333333336,-68.74333333333333,0.8963806238480677
1255,3,38.626666666666665,-76.92333333333333,0.47035274521978593
1252,3,39.15,-77.06,0.0
1250,3,38.78666666666667,-77.01,1.047758474851211
1249,3,39.09,-76.86,1.4075671990251688
1248,3,38.53666666666667,-76.98,0.37064975548183937
1246,3,39.03666666666667,-76.68,0.37064975548183937
587,3,16.86,-99.87,0.0
579,3,19.49,-99.13,0.0
575,3,25.45,-100.98333333333333,1.4981696991267686
571,3,33.86,35.53333333333333,0.30778809884525343
568,3,29.2,48.093333333333334,1.2332899241286808
566,3,29.19,47.580000000000005,0.0
563,3,29.320000000000004,48.02333333333333,0.32316892592547236
560,3,29.19666666666667,48.04333333333333,1.0177464642758676
558,3,28.88,48.166666666666664,0.32455322064031517
557,3,33.48666666666667,126.48333333333333,0.9888803081797156
1276,3,42.49,-83.47333333333334,0.27331536461712025
1275,3,42.53,-83.11,0.0
1274,3,42.63333333333333,-82.90666666666667,0.46014792482840483
1273,3,42.82666666666666,-86.08999999999999,0.37064975548183937
1272,3,42.88,-85.75,0.814814706229048
1271,3,43.0,-85.58999999999999,0.0
1270,3,42.913333333333334,-85.51,0.3706497554820752
1268,3,42.913333333333334,-85.53666666666668,0.459420034270323
1265,3,42.22,-83.35,0.0
1293,3,38.96,-92.38,1.1119492664455182
556,3,35.18333333333333,128.08666666666667,0.4786941788847068
554,3,35.22333333333333,128.68,0.37064975548183937
552,3,36.10666666666666,128.42333333333332,0.4765069214835302
548,3,37.87,127.74666666666667,1.213531998603757
547,3,37.74,127.05,0.0
546,3,37.336666666666666,126.74000000000001,1.0629019208217316
544,3,37.36333333333334,126.93,0.37064975548183937
542,3,37.38,126.42333333333333,1.214733390755545
1291,3,44.88,-93.21,0.0
1288,3,45.03333333333333,-92.84333333333332,0.8945531354883879
1284,3,45.129999999999995,-93.36333333333334,1.194894225821133
1283,3,44.85666666666666,-93.24,0.37064975548183937
1282,3,42.2,-83.26,0.0
1279,3,42.51666666666667,-83.18666666666667,0.9170182337876555
1278,3,42.52,-82.92333333333333,1.201758860834255
1309,3,35.906666666666666,-79.05,1.4309558208796727
538,3,36.21333333333333,127.26,0.37064975548183937
536,3,35.19,126.82333333333332,1.219993689849345
534,3,35.17666666666667,126.90666666666668,0.9765479908173441
533,3,35.16,126.88,0.0
530,3,37.39666666666667,126.64999999999999,1.0622841793978626
1308,3,35.76666666666667,-78.77,1.0787873621070214
1307,3,35.75333333333333,-78.74,0.37064975548160356
1306,3,35.84666666666667,-78.89,0.37064975548183937
1305,3,35.57666666666666,-82.53,1.0806728964897439
1304,3,46.593333333333334,-112.02333333333333,0.44972148867092954
1303,3,45.68,-111.06,0.7768801079799011
1301,3,34.36,-89.54,0.9179227017113375
1297,3,38.16,-92.60666666666667,0.2914376149687964
1296,3,38.93,-94.40666666666668,0.2883337231317647
1295,3,39.25333333333333,-94.66000000000001,1.4063404210540449
494,3,34.803333333333335,134.67333333333332,0.4795875876623887
521,3,35.86333333333334,128.56,0.37064975548160356
517,3,35.22666666666667,129.08666666666667,0.9761750472577276
511,3,37.303333333333335,127.35333333333334,0.47360481109376523
509,3,37.31333333333333,126.53000000000002,1.4207412093755958
1324,3,35.78666666666667,-78.66000000000001,1.0785884161995245
1323,3,35.84,-78.64,0.0
1322,3,35.86666666666667,-78.57666666666667,0.9713607414475395
1321,3,35.1,-77.09666666666666,0.30324699258386334
1319,3,35.593333333333334,-80.87,1.4331708082742105
1318,3,35.123333333333335,-80.70666666666666,0.47883564015067753
1317,3,36.11,-80.09666666666666,0.2994431327473985
1315,3,35.96666666666667,-78.96,0.37064975548183937
1314,3,35.03,-80.80666666666667,1.2203705906133042
1313,3,35.1,-80.99,0.0
1311,3,35.303333333333335,-80.73666666666666,0.9756521516303892
492,3,34.81,135.53333333333333,1.4387158952358101
489,3,34.72,135.26,0.0
485,3,35.25,136.92,0.0
479,3,36.699999999999996,137.21,1.1119492664455182
478,3,35.28333333333333,139.66666666666666,0.9758016425627188
477,3,35.55,139.58,0.0
1339,3,40.91,-74.55666666666667,0.28011454354120097
1338,3,40.68,-75.14666666666666,1.206490657314873
1336,3,40.25,-74.3,1.3988017288361603
1330,3,40.580000000000005,-74.61666666666667,1.3962864780994837
1329,3,39.35333333333333,-74.44333333333333,0.9438871680484935
1328,3,41.25666666666667,-96.02,0.37064975548183937
1327,3,41.26,-95.95,0.8358797488153401
502,3,26.223333333333333,127.69666666666667,1.0356726603551216
500,3,32.8,130.71,0.0
497,3,34.39,132.48,1.1119492664450465
451,3,35.69,140.02,0.0
447,3,35.800000000000004,139.46,1.4316954191628353
1351,3,36.17,-115.14,0.0
1349,3,36.03,-115.09333333333332,1.2179740335411127
1348,3,36.02,-115.05333333333333,0.29978588440216763
1346,3,39.193333333333335,-119.77,1.0434781895925977
1345,3,35.64,-106.01,0.0
1343,3,36.76,-108.15333333333335,1.2162411453799022
1342,3,35.17,-106.58333333333333,0.3029863843444939
1341,3,35.1,-106.52666666666666,1.4366718373419198
474,3,35.57666666666666,139.66333333333333,0.47777110544007145
472,3,35.336666666666666,139.46,1.435019643440871
467,3,35.696666666666665,139.63,1.4324575481141784
464,3,35.55,139.78666666666666,0.3015637727360376
462,3,35.696666666666665,139.54999999999998,1.4324575481146613
461,3,34.82,134.98,0.0
441,3,36.083333333333336,140.10666666666668,0.4765548269847332
440,3,36.36666666666667,140.47666666666666,0.47588274165590233
434,3,19.003333333333334,72.82333333333332,1.0715622130863915
433,3,18.926666666666666,72.82666666666667,1.0718565466397107
431,3,53.29,-6.136666666666667,0.22156147837780318
1372,3,40.61,-73.99666666666667,1.2066434792143725
1371,3,40.626666666666665,-73.94666666666667,0.4653185048297657
1370,3,40.623333333333335,-74.03,0.3706497554820752
1366,3,42.68333333333334,-73.83999999999999,1.0049853486335636
1362,3,36.29,-115.18,0.0
1361,3,36.18666666666667,-115.3,1.0745908327962845
1360,3,36.06,-115.14333333333333,0.299633641603306
1359,3,36.04333333333333,-115.17333333333333,0.9700693180060407
458,3,35.67333333333334,139.83,1.4326002959539421
454,3,35.75,139.80333333333334,0.3008096978404281
453,3,35.76666666666667,140.38333333333333,0.9721179326999899
398,3,51.54,-0.006666666666666667,0.23053233194070824
427,3,-6.166666666666667,106.89666666666666,1.1076551971141972
421,3,-6.260000000000001,106.65666666666668,0.368439690417582
417,3,35.34,25.126666666666665,0.3023515965752018
1387,3,41.5,-81.49666666666667,0.2776002546228208
1385,3,40.91,-73.12333333333333,0.28011454354048826
1384,3,40.98666666666667,-73.82,1.0239507186048782
1383,3,40.74,-73.7,1.395063683750595
1382,3,42.75333333333333,-73.76333333333334,0.459836180808233
1380,3,40.82,-73.41,1.1119492664450465
1378,3,40.76,-73.83,0.0
1376,3,41.0,-73.86,1.393072184525681
1375,3,42.85999999999999,-73.77666666666666,0.271692924902771
1374,3,42.91,-78.76666666666667,0.271472805788267
1373,3,40.72,-73.95333333333333,1.3952166484036062
442,3,36.29333333333333,139.60666666666668,0.9681605829794476
392,3,52.62,-1.21,0.0
390,3,52.053333333333335,1.15,0.8909958764651833
389,3,51.69,-0.22,0.0
385,3,54.96,-1.67,0.0
383,3,50.72,-3.533333333333333,1.1799746750108533
382,3,51.49,0.27666666666666667,0.23078552154001966
1404,3,40.086666666666666,-82.82333333333332,0.9377689444433598
1403,3,39.31,-84.31,1.4059142180234228
1401,3,41.46,-81.85333333333334,0.27777164807617927
1400,3,40.10333333333333,-83.16,0.37064975548183937
1399,3,40.06666666666667,-83.03,1.0340259209480662
1397,3,39.99,-83.03666666666668,0.28397576336417135
1396,3,40.01666666666667,-83.05666666666667,0.46686661979732635
408,3,51.47,-0.2933333333333333,1.177993471883233
404,3,52.23666666666667,-0.9033333333333333,0.8245884188460165
400,3,53.47,-2.3466666666666667,0.22062689596905116
379,3,51.376666666666665,-0.09666666666666668,0.43693479744715796
378,3,52.40333333333333,-1.5066666666666666,0.8229500667383682
377,3,52.47,-1.55,0.0
376,3,53.63,-2.69,0.0
374,3,52.080000000000005,-0.75,0.0
373,3,51.40333333333333,0.02,0.37064975548160356
370,3,53.71,-1.7466666666666668,0.21937740046833965
368,3,51.87,0.19000000000000003,0.0
367,3,52.35999999999999,-1.95,0.0
366,3,52.45000000000001,-1.7233333333333334,0.22589380114241786
1411,3,35.52,-97.56666666666666,1.4336931010094656
1408,3,40.16,-83.09333333333333,0.2832677622423681
1407,3,39.50666666666667,-84.74,1.0400752462462404
1405,3,41.21333333333333,-80.74666666666667,0.4638113657780927
395,3,53.343333333333334,-2.856666666666667,0.43167623509921277
393,3,53.22666666666667,-0.5466666666666667,0.8143947962098288
1441,3,44.906666666666666,-123.04,0.37064975548183937
1439,3,45.60999999999999,-122.68,0.0
1431,3,45.330000000000005,-122.57666666666667,1.1943653245652956
1430,3,45.416666666666664,-122.63,0.3706497554820752
1427,3,45.416666666666664,-122.67,0.9731755280311281
1426,3,45.41,-122.71999999999998,0.0
1425,3,45.54666666666666,-122.90000000000002,0.37064975548183937
1423,3,45.53,-122.43333333333334,0.25965338988516024
1422,3,44.07333333333333,-123.07333333333332,0.9032664695514403
363,3,52.03,-0.49,0.0
362,3,51.38,-2.36,0.0
361,3,51.27,-1.0933333333333335,0.9275898598678349
359,3,45.76333333333333,4.84,0.3706497554820752
358,3,43.300000000000004,5.37,1.3752363321917407
354,3,44.843333333333334,-0.5733333333333333,0.8962894013844132
353,3,40.47,-3.58,0.0
346,3,55.68,12.520000000000001,0.6269329827112385
345,3,55.67666666666667,12.566666666666668,0.42551623802381816
344,3,51.04333333333333,13.736666666666666,0.8367623473732072
343,3,51.49,6.88,0.0
342,3,51.45333333333334,7.006666666666667,0.43672071855892053
341,3,51.43,6.77,0.0
340,3,51.51,7.466666666666666,0.2306842667798714
336,3,50.04999999999999,8.576666666666666,0.4760023992801801
1452,3,40.03333333333333,-75.62666666666667,0.9382685545705197
1448,3,45.29999999999999,-122.77,0.0
1447,3,45.52333333333333,-122.40333333333335,0.4525628245408004
1446,3,45.41,-122.79,1.3585887427151475
1445,3,45.60666666666666,-121.19666666666667,0.4523508893806112
1444,3,45.37,-122.83999999999999,0.0
1443,3,45.4,-122.28333333333335,0.2602528572360163
1442,3,44.94333333333333,-123.05,1.3622898508245942
1470,3,34.07333333333333,-81.16333333333334,0.9847080005781393
1469,3,34.68333333333333,-82.83333333333333,0.9802520017600038
1467,3,32.26,-80.85333333333334,1.2266977690315055
1465,3,40.00333333333333,-75.28,1.034760280534173
1464,3,40.800000000000004,-77.86,1.111949266445754
1463,3,40.446666666666665,-80.15666666666667,0.465776421304352
1453,3,40.053333333333335,-75.65666666666667,0.4667654307068998
314,3,22.266666666666666,114.24333333333334,1.0566544565613305
301,3,29.513333333333335,106.51666666666667,1.0157802868839456
332,3,49.01,8.396666666666667,0.24311929219271458
331,3,47.99666666666667,7.846666666666667,0.8666759463987986
327,3,34.68,33.050000000000004,0.9144033694174406
326,3,9.94,-84.14999999999999,1.0952578592835822
322,3,22.316666666666666,114.26333333333334,1.0564090363864482
320,3,22.31,114.22666666666667,0.3429042033620724
347,3,55.63,12.65,0.0
293,3,22.22666666666667,113.54666666666667,1.056850416563818
292,3,22.563333333333333,113.91000000000001,0.3706497554819573
291,3,22.63,114.03000000000002,1.0263390401858075
289,3,22.623333333333335,114.06333333333333,1.0549255549638348
1484,3,35.1,-89.86333333333334,0.3032469925842491
1483,3,35.913333333333334,-84.09,0.3706497554820752
1482,3,35.92666666666667,-84.04333333333334,0.47693750892163744
1480,3,36.303333333333335,-82.37333333333333,0.9680839967189335
1479,3,35.68,-88.85666666666667,1.2188329429485678
1478,3,35.95666666666667,-86.81,1.0768937816336264
1477,3,35.05,-85.3,0.9102985926780853
1475,3,43.51,-96.77,0.0
1474,3,33.699999999999996,-78.87,1.4464407695317256
1473,3,34.943333333333335,-82.27333333333333,0.9783316919788508
1472,3,34.12,-80.88,1.1119492664452824
1471,3,34.0,-81.03,0.921847720292873
1503,3,30.319999999999997,-95.47666666666667,1.2309534763162933
1502,3,32.88,-97.09999999999998,0.0
1498,3,30.47666666666667,-97.80333333333333,1.0095063234419064
1495,3,32.67666666666667,-97.13333333333333,0.9946010422218178
1494,3,32.72666666666667,-97.11333333333334,0.4843675600090933
1493,3,33.093333333333334,-96.68,0.37064975548183937
1491,3,36.13666666666666,-86.67,0.37064975548183937
1490,3,36.163333333333334,-86.78000000000002,0.3706497554820752
1489,3,36.14666666666667,-86.80666666666667,0.9692308784190232
1488,3,35.2,-89.79333333333334,0.3028745566330296
1487,3,35.11333333333334,-89.89999999999999,1.0852787837230855
1486,3,35.05,-89.98,0.0
1485,3,35.14333333333334,-89.99666666666667,0.4787885028231895
297,3,29.540000000000003,106.51333333333334,0.3224696265035009
296,3,20.023333333333333,110.34333333333332,1.0671548912509492
295,3,24.310000000000002,109.41000000000001,1.1119492664454003
283,3,22.61,113.08,1.1119492664454003
282,3,23.073333333333334,114.41666666666667,1.0526651711209871
281,3,23.39,113.30666666666667,0.3401912140826912
276,3,23.01,113.10666666666667,0.3411596169637263
274,3,22.936666666666667,113.66333333333334,1.0533224983560716
271,3,28.22,112.94,0.9797812495464551
269,3,30.55666666666667,114.21,0.37064975548183937
1515,3,31.766666666666666,-106.49666666666667,0.48650721911202316
1514,3,33.19,-97.10666666666667,0.3101819055237566
1513,3,33.23,-97.13666666666666,0.3100401789944855
1512,3,32.84,-96.82333333333332,1.2254191386059523
1511,3,32.806666666666665,-96.83,0.3706497554820752
1510,3,32.86,-96.85000000000001,0.934036123844158
1509,3,32.98,-96.77,0.0
1506,3,32.92666666666667,-96.82,0.37064975548183937
1504,3,29.97,-95.69,0.0
224,3,29.83,121.57,0.0
222,3,32.20333333333334,119.44666666666667,0.9979323354869308
1526,3,29.27,-94.82666666666667,0.32332719349299993
1525,3,33.17666666666667,-96.88666666666666,0.9910843825555445
1522,3,32.67666666666667,-97.40666666666668,0.4844800712584884
1520,3,32.90333333333333,-97.31666666666666,0.483961561696501
1519,3,33.04,-97.04,0.0
1517,3,31.77333333333333,-106.38333333333333,0.4864851574823541
250,3,24.883333333333336,118.59999999999998,0.3706497554819573
245,3,31.86,117.29666666666667,0.3148078115671183
242,3,27.95,120.69,0.0
241,3,30.19,120.17333333333333,0.3203757796862973
239,3,30.333333333333332,120.11666666666667,1.0104885378564024
261,3,36.166666666666664,120.43,0.3706497554820752
257,3,36.803333333333335,118.05666666666667,0.4748205658785641
284,3,22.49,113.92,1.1119492664454003
213,3,31.903333333333332,120.27333333333333,0.9999920521202723
210,3,31.86,120.54666666666667,0.3148078115671183
206,3,33.95,118.29333333333334,0.3074633289860074
205,3,31.373333333333335,119.82,0.37064975548183937
1548,3,32.59,-97.14,1.4540019936342616
1547,3,29.566666666666666,-98.33,0.37064975548183937
1545,3,33.00666666666667,-96.96666666666665,0.4837353625225244
1543,3,29.983333333333334,-95.50666666666666,0.49035529427280383
1535,3,29.713333333333335,-95.40000000000002,0.37064975548183937
1534,3,29.72,-95.33999999999999,0.0
235,3,29.903333333333332,121.83999999999999,1.1331546015560237
233,3,29.866666666666664,121.58999999999999,0.37064975548183937
231,3,28.586666666666662,121.37333333333333,0.49326702853172616
230,3,28.646666666666665,121.42,1.479433178864264
228,3,30.026666666666667,120.87666666666667,1.012439803832633
225,3,29.103333333333335,119.65666666666668,1.0183766769155784
173,3,38.91,121.61,0.0
203,3,31.97,120.89333333333333,0.3144316186364083
202,3,32.053333333333335,118.74333333333334,0.9989643470027659
193,3,31.27,121.34333333333332,1.2288817882556373
191,3,31.383333333333336,121.25,1.1202135278177636
1564,3,29.52,-98.5,0.0
1562,3,29.55,-98.66000000000001,0.0
1560,3,29.586666666666662,-98.62,0.37064975548183937
1559,3,30.563333333333333,-97.68666666666667,1.0089806849417586
1558,3,29.543333333333333,-95.75,0.37064975548183937
1555,3,33.02666666666667,-96.79666666666667,0.9921443538016286
1554,3,29.55333333333333,-95.38,0.37064975548183937
1553,3,29.649999999999995,-95.15333333333335,0.32211819327511454
1551,3,32.906666666666666,-97.19,0.37064975548160356
215,3,31.5,120.28000000000002,1.1119492664455182
214,3,31.55333333333333,120.28000000000002,1.1186928821140043
163,3,40.06,116.55333333333333,1.2080649416705784
162,3,39.873333333333335,116.3,1.4016612370353687
161,3,39.96,116.29,0.0
160,3,39.92333333333334,116.52,0.37064975548183937
1580,3,38.873333333333335,-77.23,0.3706497554820752
1578,3,36.76666666666667,-76.24,1.068731627343518
1577,3,38.04,-78.5,1.1119492664455182
1576,3,38.083333333333336,-78.47333333333334,0.9541639322467493
1572,3,40.79,-111.98,0.0
1569,3,30.086666666666662,-95.63333333333333,1.012050956534431
1567,3,33.669999999999995,-96.61,1.1119492664452824
1566,3,29.55333333333333,-98.58,1.1361361191787185
1565,3,29.61,-98.51,0.0
186,3,31.16,121.67333333333333,0.3171745223801703
177,3,41.11,122.99000000000001,0.8377966700989123
175,3,41.806666666666665,123.37666666666667,0.4622951622827785
129,3,45.48,-73.62,0.7796523378294514
156,3,39.86333333333334,116.44,1.0362766401152743
153,3,39.88666666666666,116.66333333333334,0.4671951605944023
148,3,-33.01666666666667,-71.55333333333333,0.9922148671780656
147,3,-33.51,-70.61,1.4477468873508863
1596,3,37.586666666666666,-77.50333333333333,0.9580526127160377
1593,3,36.9,-76.21666666666665,0.2964029229955714
1590,3,38.93333333333333,-77.18,0.37064975548183937
1589,3,39.11333333333334,-77.54333333333334,0.9458509708973244
1587,3,37.63666666666666,-77.51,0.37064975548183937
1584,3,38.800000000000004,-77.61333333333333,1.211204240367137
1582,3,38.87,-77.14333333333333,0.2885774629109119
171,3,37.82,112.56,0.0
167,3,39.03,117.21999999999998,1.1119492664455182
165,3,39.94,116.32333333333332,1.4011560337690625
164,3,40.056666666666665,116.42,1.0341345025056066
115,3,45.416666666666664,-75.64666666666666,0.8909711927179279
113,3,43.88666666666666,-78.88,0.37064975548160356
111,3,43.49333333333334,-79.71666666666665,0.4579070022362522
110,3,43.78666666666667,-79.34666666666666,0.45714796304066946
1612,3,48.73333333333333,-122.47333333333331,1.3769798498526697
1605,3,38.73,-77.8,0.0
1603,3,36.800000000000004,-76.17333333333333,1.424485918798064
1601,3,36.836666666666666,-76.13333333333333,0.9639213747806931
1598,3,38.47,-77.41,0.0
140,3,46.52,6.63,0.0
139,3,47.42333333333334,9.373333333333333,0.44750893466733704
136,3,46.95000000000001,7.44,0.0
134,3,50.45000000000001,-104.61666666666667,0.23601173106444365
133,3,50.40333333333333,-104.62,0.37064975548183937
131,3,46.77,-71.28333333333335,0.2538686546935263
130,3,45.46666666666667,-73.83,1.3581651540210693
108,3,43.74666666666667,-79.35000000000001,0.9927408056583364
100,3,44.23,-76.49,0.7967622143646776
98,3,43.65,-79.51333333333334,0.2681909615680655
97,3,43.60999999999999,-79.56,0.0
96,3,43.830000000000005,-79.54,0.0
95,3,43.333333333333336,-79.82333333333332,0.4583250767453593
94,3,44.34,-79.69333333333333,1.1969773069671417
93,3,44.65,-63.669999999999995,1.1119492664450465
1625,3,47.20000000000001,-121.98666666666666,0.2518347531167126
1622,3,47.25,-122.29666666666667,0.2515973301804791
1621,3,47.406666666666666,-120.28666666666668,0.4475623212617627
1619,3,48.44333333333333,-122.33999999999999,0.3706497554820752
124,3,43.833333333333336,-79.56,0.3706497554820752
123,3,43.77,-79.37,0.8029636219916996
118,3,43.76666666666667,-79.48,0.9925094437244342
117,3,43.18333333333334,-79.24,0.9992777413639766
91,3,47.55666666666667,-52.76,0.9474039215908617
90,3,49.82333333333333,-97.2,0.37064975548183937
89,3,49.946666666666665,-97.09333333333332,0.8476432729805756
85,3,50.11666666666667,-122.95666666666666,0.845957510896879
81,3,50.28,-119.27666666666666,0.23685866658459487
80,3,49.23333333333333,-123.15666666666668,0.4426672717699463
77,3,49.16,-122.79333333333334,0.48477201834071626
1642,3,46.14666666666667,-122.93333333333334,0.45091813279429455
1640,3,47.05666666666667,-122.77333333333333,0.44849604146186595
1638,3,47.669999999999995,-122.20666666666666,1.340550731991146
1636,3,47.67666666666667,-122.17333333333333,0.869744960549641
1634,3,47.38,-122.24666666666667,0.2509791342991709
1633,3,47.54,-122.02,0.0
1631,3,47.35999999999999,-122.60666666666667,0.25107432553542314
1630,3,47.29999999999999,-122.58,0.0
1629,3,47.31333333333333,-122.31333333333333,0.8732740949975781
1682,3,45.68333333333334,-122.66666666666667,0.8885698274684403
10,3,25.043333333333333,55.12,0.37064975548183937
1674,3,47.626666666666665,-117.54,0.3706497554820752
1672,3,47.65333333333333,-122.69,0.37064975548183937
1663,3,47.61333333333334,-122.03333333333335,0.8704142354639842
1661,3,47.45333333333334,-122.14666666666666,0.44742884877069083
44,3,53.49,-113.50999999999999,0.6615687566900506
43,3,51.07,-114.13,0.0
42,3,51.07666666666666,-113.98333333333333,0.8363598143188825
40,3,51.01333333333333,-114.17,0.3706497554820752
39,3,51.13,-114.2,0.0
38,3,50.93,-113.96333333333332,0.233609192906963
32,3,51.29666666666666,-114.01,0.37064975548160356
31,3,51.27,-113.99333333333334,0.23189746523591714
59,3,48.78333333333333,-123.70333333333333,0.4438724356444042
56,3,49.166666666666664,-121.95666666666666,0.8553238856328118
929,3,34.16,-118.37333333333333,0.3067025837896704
925,3,37.416666666666664,-122.08999999999999,1.4200083774633228
954,3,34.11,-117.53333333333335,0.306884087690726
951,3,36.07666666666666,-119.04333333333334,0.9697646863519614
950,3,34.050000000000004,-117.81,1.4440222421828939
949,3,37.67666666666667,-121.86666666666667,0.4726993372758675
943,3,34.6,-118.14666666666666,1.4401894954840373
941,3,33.72,-116.39,0.9248753598358931
12,3,-34.62,-58.43333333333334,0.30502180672526075
1691,3,43.0,-88.04666666666667,1.3775831765880147
1689,3,42.95333333333334,-87.91000000000001,1.0019090349909214
1688,3,43.07333333333333,-89.39,1.3770100221592767
1687,3,43.03,-88.10666666666667,1.2004070757240095
1686,3,46.580000000000005,-120.49000000000001,1.3492709304927601
1685,3,47.44,-120.32666666666667,1.1887817511301801
1684,3,45.64000000000001,-122.67,1.1119492664450465
